Sample_name,File,Location,Run,Assay.Type,AvgSpotLen,Bases,BioProject,BioSample,BioSampleModel,Bytes,Center.Name,Collection_date,Consent,DATASTORE.filetype,DATASTORE.provider,DATASTORE.region,Experiment,geo_loc_name_country,geo_loc_name_country_continent,geo_loc_name,Instrument,lat_lon,Library.Name,LibraryLayout,LibrarySelection,LibrarySource,Organism,Platform,ReleaseDate,source_material_id,SRA.Study,HOST,Isolation_source,ref_biomaterial,rel_to_oxygen,samp_collect_device,samp_mat_process,samp_size,sample_location,env_broad_scale,env_local_scale,env_medium
ATW_Back_6_11_13,WI_ATW_Back1_06_11_13,Shorewood,SRR1761014,AMPLICON,502,57103002,PRJNA272391,SAMN03282197,Metagenome or environmental,35896664,UNIVERSITY OF WISCONSIN - MILWAUKEE,6/11/13,public,"fastq,sra","gs,ncbi,s3","gs.US,ncbi.public,s3.us-east-1",SRX844341,USA,North America,"USA:WI\,Shorewood",Illumina MiSeq,43.090513 N 87.873031 W,SLM_beach_14,PAIRED,PCR,METAGENOMIC,freshwater metagenome,ILLUMINA,2015-01-15T00:00:00Z,not applicable,SRP052297,not applicable,freshwater beaches,not applicable,not applicable,not applicable,not applicable,not applicable,ATW_Back_06_11_13,,,
ATW_Back_7_30_13,WI_ATW_Back1_07_30_13,Shorewood,SRR1761058,AMPLICON,502,192867898,PRJNA272391,SAMN03282241,Metagenome or environmental,112541870,UNIVERSITY OF WISCONSIN - MILWAUKEE,7/30/13,public,"fastq,sra","gs,ncbi,s3","gs.US,ncbi.public,s3.us-east-1",SRX844385,USA,North America,"USA:WI\,Shorewood",Illumina MiSeq,43.090513 N 87.873031 W,SLM_beach_58,PAIRED,PCR,METAGENOMIC,freshwater metagenome,ILLUMINA,2015-01-15T00:00:00Z,not applicable,SRP052297,not applicable,freshwater beaches,not applicable,not applicable,not applicable,not applicable,not applicable,ATW_Back_07_30_13,,,
ATW_Back_9_18_13,WI_ATW_Back1_09_18_13,Shorewood,SRR1761059,AMPLICON,502,93218388,PRJNA272391,SAMN03282242,Metagenome or environmental,54512983,UNIVERSITY OF WISCONSIN - MILWAUKEE,9/18/13,public,"fastq,sra","gs,ncbi,s3","gs.US,ncbi.public,s3.us-east-1",SRX844386,USA,North America,"USA:WI\,Shorewood",Illumina MiSeq,43.090513 N 87.873031 W,SLM_beach_59,PAIRED,PCR,METAGENOMIC,freshwater metagenome,ILLUMINA,2015-01-15T00:00:00Z,not applicable,SRP052297,not applicable,freshwater beaches,not applicable,not applicable,not applicable,not applicable,not applicable,ATW_Back_09_18_13,,,
ATW_Back_9_18_13,WI_ATW_Back1_09_18_13_RE2,Shorewood,SRR1761059,AMPLICON,502,93218388,PRJNA272391,SAMN03282242,Metagenome or environmental,54512983,UNIVERSITY OF WISCONSIN - MILWAUKEE,9/18/13,public,"fastq,sra","gs,ncbi,s3","gs.US,ncbi.public,s3.us-east-1",SRX844386,USA,North America,"USA:WI\,Shorewood",Illumina MiSeq,43.090513 N 87.873031 W,SLM_beach_59,PAIRED,PCR,METAGENOMIC,freshwater metagenome,ILLUMINA,2015-01-15T00:00:00Z,not applicable,SRP052297,not applicable,freshwater beaches,not applicable,not applicable,not applicable,not applicable,not applicable,ATW_Back_09_18_13,,,
ATW_Back_9_18_13,WI_ATW_Back1_09_18_13_RE1,Shorewood,SRR1761059,AMPLICON,502,93218388,PRJNA272391,SAMN03282242,Metagenome or environmental,54512983,UNIVERSITY OF WISCONSIN - MILWAUKEE,9/18/13,public,"fastq,sra","gs,ncbi,s3","gs.US,ncbi.public,s3.us-east-1",SRX844386,USA,North America,"USA:WI\,Shorewood",Illumina MiSeq,43.090513 N 87.873031 W,SLM_beach_59,PAIRED,PCR,METAGENOMIC,freshwater metagenome,ILLUMINA,2015-01-15T00:00:00Z,not applicable,SRP052297,not applicable,freshwater beaches,not applicable,not applicable,not applicable,not applicable,not applicable,ATW_Back_09_18_13,,,
ATW_Berm_6_11_13,WI_ATW_Berm1_06_11_13,Shorewood,SRR1761015,AMPLICON,502,45702582,PRJNA272391,SAMN03282198,Metagenome or environmental,27106167,UNIVERSITY OF WISCONSIN - MILWAUKEE,6/11/13,public,"fastq,sra","gs,ncbi,s3","gs.US,ncbi.public,s3.us-east-1",SRX844342,USA,North America,"USA:WI\,Shorewood",Illumina MiSeq,43.090513 N 87.873031 W,SLM_beach_15,PAIRED,PCR,METAGENOMIC,freshwater metagenome,ILLUMINA,2015-01-15T00:00:00Z,not applicable,SRP052297,not applicable,freshwater beaches,not applicable,not applicable,not applicable,not applicable,not applicable,ATW_Berm_06_11_13,,,
ATW_Berm_7_30_13,WI_ATW_Berm1_07_30_13,Shorewood,SRR1761060,AMPLICON,502,376024104,PRJNA272391,SAMN03282243,Metagenome or environmental,212402894,UNIVERSITY OF WISCONSIN - MILWAUKEE,7/30/13,public,"fastq,sra","gs,ncbi,s3","gs.US,ncbi.public,s3.us-east-1",SRX844387,USA,North America,"USA:WI\,Shorewood",Illumina MiSeq,43.090513 N 87.873031 W,SLM_beach_60,PAIRED,PCR,METAGENOMIC,freshwater metagenome,ILLUMINA,2015-01-15T00:00:00Z,not applicable,SRP052297,not applicable,freshwater beaches,not applicable,not applicable,not applicable,not applicable,not applicable,ATW_Berm_07_30_13,,,
ATW_Berm_9_18_13,WI_ATW_Berm1_09_18_13_RE1,Shorewood,SRR1761061,AMPLICON,502,123963378,PRJNA272391,SAMN03282244,Metagenome or environmental,71841140,UNIVERSITY OF WISCONSIN - MILWAUKEE,9/18/13,public,"fastq,sra","gs,ncbi,s3","gs.US,ncbi.public,s3.us-east-1",SRX844388,USA,North America,"USA:WI\,Shorewood",Illumina MiSeq,43.090513 N 87.873031 W,SLM_beach_61,PAIRED,PCR,METAGENOMIC,freshwater metagenome,ILLUMINA,2015-01-15T00:00:00Z,not applicable,SRP052297,not applicable,freshwater beaches,not applicable,not applicable,not applicable,not applicable,not applicable,ATW_Berm_09_18_13,,,
ATW_Berm_9_18_13,WI_ATW_Berm1_09_18_13,Shorewood,SRR1761061,AMPLICON,502,123963378,PRJNA272391,SAMN03282244,Metagenome or environmental,71841140,UNIVERSITY OF WISCONSIN - MILWAUKEE,9/18/13,public,"fastq,sra","gs,ncbi,s3","gs.US,ncbi.public,s3.us-east-1",SRX844388,USA,North America,"USA:WI\,Shorewood",Illumina MiSeq,43.090513 N 87.873031 W,SLM_beach_61,PAIRED,PCR,METAGENOMIC,freshwater metagenome,ILLUMINA,2015-01-15T00:00:00Z,not applicable,SRP052297,not applicable,freshwater beaches,not applicable,not applicable,not applicable,not applicable,not applicable,ATW_Berm_09_18_13,,,
ATW_Berm_9_18_13,WI_ATW_Berm1_09_18_13_RE2,Shorewood,SRR1761061,AMPLICON,502,123963378,PRJNA272391,SAMN03282244,Metagenome or environmental,71841140,UNIVERSITY OF WISCONSIN - MILWAUKEE,9/18/13,public,"fastq,sra","gs,ncbi,s3","gs.US,ncbi.public,s3.us-east-1",SRX844388,USA,North America,"USA:WI\,Shorewood",Illumina MiSeq,43.090513 N 87.873031 W,SLM_beach_61,PAIRED,PCR,METAGENOMIC,freshwater metagenome,ILLUMINA,2015-01-15T00:00:00Z,not applicable,SRP052297,not applicable,freshwater beaches,not applicable,not applicable,not applicable,not applicable,not applicable,ATW_Berm_09_18_13,,,
ATW_SUB_7_30_13,WI_ATW_SUB1_07_30_13,Shorewood,SRR1761062,AMPLICON,502,55112572,PRJNA272391,SAMN03282245,Metagenome or environmental,31106372,UNIVERSITY OF WISCONSIN - MILWAUKEE,7/30/13,public,"fastq,sra","gs,ncbi,s3","gs.US,ncbi.public,s3.us-east-1",SRX844389,USA,North America,"USA:WI\,Shorewood",Illumina MiSeq,43.090513 N 87.873031 W,SLM_beach_62,PAIRED,PCR,METAGENOMIC,freshwater metagenome,ILLUMINA,2015-01-15T00:00:00Z,not applicable,SRP052297,not applicable,freshwater beaches,not applicable,not applicable,not applicable,not applicable,not applicable,ATW_SUB_07_30_13,,,
ATW_SUB_9_18_13,WI_ATW_SUB1_09_18_13,Shorewood,SRR1761063,AMPLICON,502,116879154,PRJNA272391,SAMN03282246,Metagenome or environmental,66081196,UNIVERSITY OF WISCONSIN - MILWAUKEE,9/18/13,public,"fastq,sra","gs,ncbi,s3","gs.US,ncbi.public,s3.us-east-1",SRX844390,USA,North America,"USA:WI\,Shorewood",Illumina MiSeq,43.090513 N 87.873031 W,SLM_beach_63,PAIRED,PCR,METAGENOMIC,freshwater metagenome,ILLUMINA,2015-01-15T00:00:00Z,not applicable,SRP052297,not applicable,freshwater beaches,not applicable,not applicable,not applicable,not applicable,not applicable,ATW_SUB_09_18_13,,,
ATW_water_6_11_13,WI_ATW1_06_11_13,Shorewood,SRR1761013,AMPLICON,502,58566834,PRJNA272391,SAMN03282196,Metagenome or environmental,37358698,UNIVERSITY OF WISCONSIN - MILWAUKEE,6/11/13,public,"fastq,sra","gs,ncbi,s3","gs.US,ncbi.public,s3.us-east-1",SRX844340,USA,North America,"USA:WI\,Shorewood",Illumina MiSeq,43.090513 N 87.873031 W,SLM_beach_13,PAIRED,PCR,METAGENOMIC,freshwater metagenome,ILLUMINA,2015-01-15T00:00:00Z,not applicable,SRP052297,not applicable,freshwater beaches,not applicable,not applicable,not applicable,not applicable,not applicable,ATW_water_06_11_13,,,
ATW_water_7_30_13,WI_ATW1_07_30_13,Shorewood,SRR1761056,AMPLICON,502,72761386,PRJNA272391,SAMN03282239,Metagenome or environmental,41348524,UNIVERSITY OF WISCONSIN - MILWAUKEE,7/30/13,public,"fastq,sra","gs,ncbi,s3","gs.US,ncbi.public,s3.us-east-1",SRX844383,USA,North America,"USA:WI\,Shorewood",Illumina MiSeq,43.090513 N 87.873031 W,SLM_beach_56,PAIRED,PCR,METAGENOMIC,freshwater metagenome,ILLUMINA,2015-01-15T00:00:00Z,not applicable,SRP052297,not applicable,freshwater beaches,not applicable,not applicable,not applicable,not applicable,not applicable,ATW_water_07_30_13,,,
ATW_water_9_18_13,WI_ATW1_09_18_13_20131216,Shorewood,SRR1761057,AMPLICON,502,150562350,PRJNA272391,SAMN03282240,Metagenome or environmental,89706461,UNIVERSITY OF WISCONSIN - MILWAUKEE,9/18/13,public,"fastq,sra","gs,ncbi,s3","gs.US,ncbi.public,s3.us-east-1",SRX844384,USA,North America,"USA:WI\,Shorewood",Illumina MiSeq,43.090513 N 87.873031 W,SLM_beach_57,PAIRED,PCR,METAGENOMIC,freshwater metagenome,ILLUMINA,2015-01-15T00:00:00Z,not applicable,SRP052297,not applicable,freshwater beaches,not applicable,not applicable,not applicable,not applicable,not applicable,ATW_water_09_18_13,,,
ATW_water_9_18_13,WI_ATW1_09_18_13_20140219,Shorewood,SRR1761057,AMPLICON,502,150562350,PRJNA272391,SAMN03282240,Metagenome or environmental,89706461,UNIVERSITY OF WISCONSIN - MILWAUKEE,9/18/13,public,"fastq,sra","gs,ncbi,s3","gs.US,ncbi.public,s3.us-east-1",SRX844384,USA,North America,"USA:WI\,Shorewood",Illumina MiSeq,43.090513 N 87.873031 W,SLM_beach_57,PAIRED,PCR,METAGENOMIC,freshwater metagenome,ILLUMINA,2015-01-15T00:00:00Z,not applicable,SRP052297,not applicable,freshwater beaches,not applicable,not applicable,not applicable,not applicable,not applicable,ATW_water_09_18_13,,,
BB_Back_6_11_13,WI_BB_Back1_06_11_13,Milwaukee,SRR1761017,AMPLICON,502,63494968,PRJNA272391,SAMN03282200,Metagenome or environmental,40424976,UNIVERSITY OF WISCONSIN - MILWAUKEE,6/11/13,public,"fastq,sra","gs,ncbi,s3","gs.US,ncbi.public,s3.us-east-1",SRX844344,USA,North America,"USA:WI\,Milwaukee",Illumina MiSeq,43.062041 N 87.872869 W,SLM_beach_17,PAIRED,PCR,METAGENOMIC,freshwater metagenome,ILLUMINA,2015-01-15T00:00:00Z,not applicable,SRP052297,not applicable,freshwater beaches,not applicable,not applicable,not applicable,not applicable,not applicable,BB_Back_06_11_13,,,
BB_Back_8_13_13,WI_BB_Back1_08_13_13,Milwaukee,SRR1761066,AMPLICON,502,82688938,PRJNA272391,SAMN03282249,Metagenome or environmental,48615861,UNIVERSITY OF WISCONSIN - MILWAUKEE,8/13/13,public,"fastq,sra","gs,ncbi,s3","gs.US,ncbi.public,s3.us-east-1",SRX844393,USA,North America,"USA:WI\,Milwaukee",Illumina MiSeq,43.062041 N 87.872869 W,SLM_beach_66,PAIRED,PCR,METAGENOMIC,freshwater metagenome,ILLUMINA,2015-01-15T00:00:00Z,not applicable,SRP052297,not applicable,freshwater beaches,not applicable,not applicable,not applicable,not applicable,not applicable,BB_Back_08_13_13,,,
BB_Back_9_18_13,WI_BB_Back1_09_18_13,Milwaukee,SRR1761067,AMPLICON,502,157139554,PRJNA272391,SAMN03282250,Metagenome or environmental,91561920,UNIVERSITY OF WISCONSIN - MILWAUKEE,9/18/13,public,"fastq,sra","gs,ncbi,s3","gs.US,ncbi.public,s3.us-east-1",SRX844394,USA,North America,"USA:WI\,Milwaukee",Illumina MiSeq,43.062041 N 87.872869 W,SLM_beach_67,PAIRED,PCR,METAGENOMIC,freshwater metagenome,ILLUMINA,2015-01-15T00:00:00Z,not applicable,SRP052297,not applicable,freshwater beaches,not applicable,not applicable,not applicable,not applicable,not applicable,BB_Back_09_18_13,,,
BB_Back_9_18_13,WI_BB_Back1_09_18_13_RE1,Milwaukee,SRR1761067,AMPLICON,502,157139554,PRJNA272391,SAMN03282250,Metagenome or environmental,91561920,UNIVERSITY OF WISCONSIN - MILWAUKEE,9/18/13,public,"fastq,sra","gs,ncbi,s3","gs.US,ncbi.public,s3.us-east-1",SRX844394,USA,North America,"USA:WI\,Milwaukee",Illumina MiSeq,43.062041 N 87.872869 W,SLM_beach_67,PAIRED,PCR,METAGENOMIC,freshwater metagenome,ILLUMINA,2015-01-15T00:00:00Z,not applicable,SRP052297,not applicable,freshwater beaches,not applicable,not applicable,not applicable,not applicable,not applicable,BB_Back_09_18_13,,,
BB_Berm_8_13_13,WI_BB_Berm1_08_13_13,Milwaukee,SRR1761068,AMPLICON,502,155549218,PRJNA272391,SAMN03282251,Metagenome or environmental,88295759,UNIVERSITY OF WISCONSIN - MILWAUKEE,8/13/13,public,"fastq,sra","gs,ncbi,s3","gs.US,ncbi.public,s3.us-east-1",SRX844395,USA,North America,"USA:WI\,Milwaukee",Illumina MiSeq,43.062041 N 87.872869 W,SLM_beach_68,PAIRED,PCR,METAGENOMIC,freshwater metagenome,ILLUMINA,2015-01-15T00:00:00Z,not applicable,SRP052297,not applicable,freshwater beaches,not applicable,not applicable,not applicable,not applicable,not applicable,BB_Berm_08_13_13,,,
BB_Berm_9_18_13,WI_BB_Berm1_09_18_13,Milwaukee,SRR1761069,AMPLICON,502,380804148,PRJNA272391,SAMN03282252,Metagenome or environmental,215798205,UNIVERSITY OF WISCONSIN - MILWAUKEE,9/18/13,public,"fastq,sra","gs,ncbi,s3","gs.US,ncbi.public,s3.us-east-1",SRX844396,USA,North America,"USA:WI\,Milwaukee",Illumina MiSeq,43.062041 N 87.872869 W,SLM_beach_69,PAIRED,PCR,METAGENOMIC,freshwater metagenome,ILLUMINA,2015-01-15T00:00:00Z,not applicable,SRP052297,not applicable,freshwater beaches,not applicable,not applicable,not applicable,not applicable,not applicable,BB_Berm_09_18_13,,,
BB_Berm_6_11_13,WI_BB_Berm1_06_11_13,Milwaukee,SRR1761018,AMPLICON,502,77951564,PRJNA272391,SAMN03282201,Metagenome or environmental,48654382,UNIVERSITY OF WISCONSIN - MILWAUKEE,6/11/13,public,"fastq,sra","gs,ncbi,s3","gs.US,ncbi.public,s3.us-east-1",SRX844345,USA,North America,"USA:WI\,Milwaukee",Illumina MiSeq,43.062041 N 87.872869 W,SLM_beach_18,PAIRED,PCR,METAGENOMIC,freshwater metagenome,ILLUMINA,2015-01-15T00:00:00Z,not applicable,SRP052297,not applicable,freshwater beaches,not applicable,not applicable,not applicable,not applicable,not applicable,BB_Berm1_06_11_13,,,
BB_SUB_8_13_13,WI_BB_SUB1_08_13_13,Milwaukee,SRR1761070,AMPLICON,502,87277218,PRJNA272391,SAMN03282253,Metagenome or environmental,49188960,UNIVERSITY OF WISCONSIN - MILWAUKEE,8/13/13,public,"fastq,sra","gs,ncbi,s3","gs.US,ncbi.public,s3.us-east-1",SRX844397,USA,North America,"USA:WI\,Milwaukee",Illumina MiSeq,43.062041 N 87.872869 W,SLM_beach_70,PAIRED,PCR,METAGENOMIC,freshwater metagenome,ILLUMINA,2015-01-15T00:00:00Z,not applicable,SRP052297,not applicable,freshwater beaches,not applicable,not applicable,not applicable,not applicable,not applicable,BB_SUB_08_13_13,,,
BB_SUB_9_18_13,WI_BB_SUB1_09_18_13,Milwaukee,SRR1761071,AMPLICON,502,208591542,PRJNA272391,SAMN03282254,Metagenome or environmental,118081553,UNIVERSITY OF WISCONSIN - MILWAUKEE,9/18/13,public,"fastq,sra","gs,ncbi,s3","gs.US,ncbi.public,s3.us-east-1",SRX844398,USA,North America,"USA:WI\,Milwaukee",Illumina MiSeq,43.062041 N 87.872869 W,SLM_beach_71,PAIRED,PCR,METAGENOMIC,freshwater metagenome,ILLUMINA,2015-01-15T00:00:00Z,not applicable,SRP052297,not applicable,freshwater beaches,not applicable,not applicable,not applicable,not applicable,not applicable,BB_SUB_09_18_13,,,
BB_water_6_11_13,WI_BB1_06_11_13,Milwaukee,SRR1761016,AMPLICON,502,51308918,PRJNA272391,SAMN03282199,Metagenome or environmental,32432030,UNIVERSITY OF WISCONSIN - MILWAUKEE,6/11/13,public,"fastq,sra","gs,ncbi,s3","gs.US,ncbi.public,s3.us-east-1",SRX844343,USA,North America,"USA:WI\,Milwaukee",Illumina MiSeq,43.062041 N 87.872869 W,SLM_beach_16,PAIRED,PCR,METAGENOMIC,freshwater metagenome,ILLUMINA,2015-01-15T00:00:00Z,not applicable,SRP052297,not applicable,freshwater beaches,not applicable,not applicable,not applicable,not applicable,not applicable,BB_water_06_11_13,,,
BB_water_8_13_13,WI_BB1_08_13_13,Milwaukee,SRR1761064,AMPLICON,502,115224562,PRJNA272391,SAMN03282247,Metagenome or environmental,65352142,UNIVERSITY OF WISCONSIN - MILWAUKEE,8/13/13,public,"fastq,sra","gs,ncbi,s3","gs.US,ncbi.public,s3.us-east-1",SRX844391,USA,North America,"USA:WI\,Milwaukee",Illumina MiSeq,43.062041 N 87.872869 W,SLM_beach_64,PAIRED,PCR,METAGENOMIC,freshwater metagenome,ILLUMINA,2015-01-15T00:00:00Z,not applicable,SRP052297,not applicable,freshwater beaches,not applicable,not applicable,not applicable,not applicable,not applicable,BB_water_08_13_13,,,
BB_water_9_18_13,WI_BB1_09_18_13_20131216,Milwaukee,SRR1761065,AMPLICON,502,123316300,PRJNA272391,SAMN03282248,Metagenome or environmental,72445063,UNIVERSITY OF WISCONSIN - MILWAUKEE,9/18/13,public,"fastq,sra","gs,ncbi,s3","gs.US,ncbi.public,s3.us-east-1",SRX844392,USA,North America,"USA:WI\,Milwaukee",Illumina MiSeq,43.062041 N 87.872869 W,SLM_beach_65,PAIRED,PCR,METAGENOMIC,freshwater metagenome,ILLUMINA,2015-01-15T00:00:00Z,not applicable,SRP052297,not applicable,freshwater beaches,not applicable,not applicable,not applicable,not applicable,not applicable,BB_water_09_18_13,,,
BB_water_9_18_13,WI_BB1_09_18_13_20140219,Milwaukee,SRR1761065,AMPLICON,502,123316300,PRJNA272391,SAMN03282248,Metagenome or environmental,72445063,UNIVERSITY OF WISCONSIN - MILWAUKEE,9/18/13,public,"fastq,sra","gs,ncbi,s3","gs.US,ncbi.public,s3.us-east-1",SRX844392,USA,North America,"USA:WI\,Milwaukee",Illumina MiSeq,43.062041 N 87.872869 W,SLM_beach_65,PAIRED,PCR,METAGENOMIC,freshwater metagenome,ILLUMINA,2015-01-15T00:00:00Z,not applicable,SRP052297,not applicable,freshwater beaches,not applicable,not applicable,not applicable,not applicable,not applicable,BB_water_09_18_13,,,
GH_Back_6_11_13,MI_GHAV_Back1_06_11_13,Grand Haven,SRR1761002,AMPLICON,502,77572554,PRJNA272391,SAMN03282185,Metagenome or environmental,48607241,UNIVERSITY OF WISCONSIN - MILWAUKEE,6/11/13,public,"fastq,sra","gs,ncbi,s3","gs.US,ncbi.public,s3.us-east-1",SRX844329,USA,North America,"USA:MI\,Grand Haven",Illumina MiSeq,43.050297 N 86.245033 W,SLM_beach_2,PAIRED,PCR,METAGENOMIC,freshwater metagenome,ILLUMINA,2015-01-15T00:00:00Z,not applicable,SRP052297,not applicable,freshwater beaches,not applicable,not applicable,not applicable,not applicable,not applicable,GH_Back_06_11_13,,,
GH_Back_8_7_13,MI_GHAV_Back1_08_07_13,Grand Haven,SRR1761027,AMPLICON,502,60927238,PRJNA272391,SAMN03282210,Metagenome or environmental,35853540,UNIVERSITY OF WISCONSIN - MILWAUKEE,8/7/13,public,"fastq,sra","gs,ncbi,s3","gs.US,ncbi.public,s3.us-east-1",SRX844354,USA,North America,"USA:MI\,Grand Haven",Illumina MiSeq,43.050297 N 86.245033 W,SLM_beach_27,PAIRED,PCR,METAGENOMIC,freshwater metagenome,ILLUMINA,2015-01-15T00:00:00Z,not applicable,SRP052297,not applicable,freshwater beaches,not applicable,not applicable,not applicable,not applicable,not applicable,GH_Back_08_07_13,,,
GH_Back_9_23_13,MI_GHAV_Back1_09_23_13,Grand Haven,SRR1761028,AMPLICON,502,134066128,PRJNA272391,SAMN03282211,Metagenome or environmental,78087043,UNIVERSITY OF WISCONSIN - MILWAUKEE,9/23/13,public,"fastq,sra","gs,ncbi,s3","gs.US,ncbi.public,s3.us-east-1",SRX844355,USA,North America,"USA:MI\,Grand Haven",Illumina MiSeq,43.050297 N 86.245033 W,SLM_beach_28,PAIRED,PCR,METAGENOMIC,freshwater metagenome,ILLUMINA,2015-01-15T00:00:00Z,not applicable,SRP052297,not applicable,freshwater beaches,not applicable,not applicable,not applicable,not applicable,not applicable,GH_Back_09_23_13,,,
GH_Berm_6_11_13,MI_GHAV_Berm1_06_11_13,Grand Haven,SRR1761003,AMPLICON,502,42445606,PRJNA272391,SAMN03282186,Metagenome or environmental,26305766,UNIVERSITY OF WISCONSIN - MILWAUKEE,6/11/13,public,"fastq,sra","gs,ncbi,s3","gs.US,ncbi.public,s3.us-east-1",SRX844330,USA,North America,"USA:MI\,Grand Haven",Illumina MiSeq,43.050297 N 86.245033 W,SLM_beach_3,PAIRED,PCR,METAGENOMIC,freshwater metagenome,ILLUMINA,2015-01-15T00:00:00Z,not applicable,SRP052297,not applicable,freshwater beaches,not applicable,not applicable,not applicable,not applicable,not applicable,GH_Berm_06_11_13,,,
GH_Berm_8_7_13,MI_GHAV_Berm1_08_07_13,Grand Haven,SRR1761029,AMPLICON,502,53150756,PRJNA272391,SAMN03282212,Metagenome or environmental,30737682,UNIVERSITY OF WISCONSIN - MILWAUKEE,8/7/13,public,"fastq,sra","gs,ncbi,s3","gs.US,ncbi.public,s3.us-east-1",SRX844356,USA,North America,"USA:MI\,Grand Haven",Illumina MiSeq,43.050297 N 86.245033 W,SLM_beach_29,PAIRED,PCR,METAGENOMIC,freshwater metagenome,ILLUMINA,2015-01-15T00:00:00Z,not applicable,SRP052297,not applicable,freshwater beaches,not applicable,not applicable,not applicable,not applicable,not applicable,GH_Berm_08_07_13,,,
GH_Berm_9_23_13,MI_GHAV_Berm1_09_23_13,Grand Haven,SRR1761030,AMPLICON,502,92488982,PRJNA272391,SAMN03282213,Metagenome or environmental,52158998,UNIVERSITY OF WISCONSIN - MILWAUKEE,9/23/13,public,"fastq,sra","gs,ncbi,s3","gs.US,ncbi.public,s3.us-east-1",SRX844357,USA,North America,"USA:MI\,Grand Haven",Illumina MiSeq,43.050297 N 86.245033 W,SLM_beach_30,PAIRED,PCR,METAGENOMIC,freshwater metagenome,ILLUMINA,2015-01-15T00:00:00Z,not applicable,SRP052297,not applicable,freshwater beaches,not applicable,not applicable,not applicable,not applicable,not applicable,GH_Berm_09_23_13,,,
GH_SUB_8_7_13,MI_GHAV_SUB1_08_07_13,Grand Haven,SRR1761031,AMPLICON,502,98575230,PRJNA272391,SAMN03282214,Metagenome or environmental,55458343,UNIVERSITY OF WISCONSIN - MILWAUKEE,8/7/13,public,"fastq,sra","gs,ncbi,s3","gs.US,ncbi.public,s3.us-east-1",SRX844358,USA,North America,"USA:MI\,Grand Haven",Illumina MiSeq,43.050297 N 86.245033 W,SLM_beach_31,PAIRED,PCR,METAGENOMIC,freshwater metagenome,ILLUMINA,2015-01-15T00:00:00Z,not applicable,SRP052297,not applicable,freshwater beaches,not applicable,not applicable,not applicable,not applicable,not applicable,GH_SUB_08_07_13,,,
GH_SUB_9_23_13,MI_GHAV_SUB1_09_23_13,Grand Haven,SRR1761032,AMPLICON,502,227551078,PRJNA272391,SAMN03282215,Metagenome or environmental,128353444,UNIVERSITY OF WISCONSIN - MILWAUKEE,9/23/13,public,"fastq,sra","gs,ncbi,s3","gs.US,ncbi.public,s3.us-east-1",SRX844359,USA,North America,"USA:MI\,Grand Haven",Illumina MiSeq,43.050297 N 86.245033 W,SLM_beach_32,PAIRED,PCR,METAGENOMIC,freshwater metagenome,ILLUMINA,2015-01-15T00:00:00Z,not applicable,SRP052297,not applicable,freshwater beaches,not applicable,not applicable,not applicable,not applicable,not applicable,GH_SUB_09_23_13,,,
GH_water_6_11_13,MI_GHAV1_06_11_13,Grand Haven,SRR1761001,AMPLICON,502,79604650,PRJNA272391,SAMN03282184,Metagenome or environmental,48327916,UNIVERSITY OF WISCONSIN - MILWAUKEE,6/11/13,public,"fastq,sra","gs,ncbi,s3","gs.US,ncbi.public,s3.us-east-1",SRX844328,USA,North America,"USA:MI\,Grand Haven",Illumina MiSeq,43.050297 N 86.245033 W,SLM_beach_1,PAIRED,PCR,METAGENOMIC,freshwater metagenome,ILLUMINA,2015-01-15T00:00:00Z,not applicable,SRP052297,not applicable,freshwater beaches,not applicable,not applicable,not applicable,not applicable,not applicable,GH_water_06_11_13,,,
GH_water_8_7_13,MI_GHAV1_08_07_13,Grand Haven,SRR1761025,AMPLICON,502,150056334,PRJNA272391,SAMN03282208,Metagenome or environmental,91234048,UNIVERSITY OF WISCONSIN - MILWAUKEE,8/7/13,public,"fastq,sra","gs,ncbi,s3","gs.US,ncbi.public,s3.us-east-1",SRX844352,USA,North America,"USA:MI\,Grand Haven",Illumina MiSeq,43.050297 N 86.245033 W,SLM_beach_25,PAIRED,PCR,METAGENOMIC,freshwater metagenome,ILLUMINA,2015-01-15T00:00:00Z,not applicable,SRP052297,not applicable,freshwater beaches,not applicable,not applicable,not applicable,not applicable,not applicable,GH_water_08_07_13,,,
GH_water_8_7_13,MI_GHAV1_08_07_13_RE1,Grand Haven,SRR1761025,AMPLICON,502,150056334,PRJNA272391,SAMN03282208,Metagenome or environmental,91234048,UNIVERSITY OF WISCONSIN - MILWAUKEE,8/7/13,public,"fastq,sra","gs,ncbi,s3","gs.US,ncbi.public,s3.us-east-1",SRX844352,USA,North America,"USA:MI\,Grand Haven",Illumina MiSeq,43.050297 N 86.245033 W,SLM_beach_25,PAIRED,PCR,METAGENOMIC,freshwater metagenome,ILLUMINA,2015-01-15T00:00:00Z,not applicable,SRP052297,not applicable,freshwater beaches,not applicable,not applicable,not applicable,not applicable,not applicable,GH_water_08_07_13,,,
GH_water_8_7_13,MI_GHAV1_08_07_13_RE2,Grand Haven,SRR1761025,AMPLICON,502,150056334,PRJNA272391,SAMN03282208,Metagenome or environmental,91234048,UNIVERSITY OF WISCONSIN - MILWAUKEE,8/7/13,public,"fastq,sra","gs,ncbi,s3","gs.US,ncbi.public,s3.us-east-1",SRX844352,USA,North America,"USA:MI\,Grand Haven",Illumina MiSeq,43.050297 N 86.245033 W,SLM_beach_25,PAIRED,PCR,METAGENOMIC,freshwater metagenome,ILLUMINA,2015-01-15T00:00:00Z,not applicable,SRP052297,not applicable,freshwater beaches,not applicable,not applicable,not applicable,not applicable,not applicable,GH_water_08_07_13,,,
GH_water_9_23_13,MI_GHAV1_09_23_13_20131216,Grand Haven,SRR1761026,AMPLICON,502,74704126,PRJNA272391,SAMN03282209,Metagenome or environmental,45322315,UNIVERSITY OF WISCONSIN - MILWAUKEE,9/23/13,public,"fastq,sra","gs,ncbi,s3","gs.US,ncbi.public,s3.us-east-1",SRX844353,USA,North America,"USA:MI\,Grand Haven",Illumina MiSeq,43.050297 N 86.245033 W,SLM_beach_26,PAIRED,PCR,METAGENOMIC,freshwater metagenome,ILLUMINA,2015-01-15T00:00:00Z,not applicable,SRP052297,not applicable,freshwater beaches,not applicable,not applicable,not applicable,not applicable,not applicable,GH_water_09_23_13,,,
GH_water_9_23_13,MI_GHAV1_09_23_13_20140219,Grand Haven,SRR1761026,AMPLICON,502,74704126,PRJNA272391,SAMN03282209,Metagenome or environmental,45322315,UNIVERSITY OF WISCONSIN - MILWAUKEE,9/23/13,public,"fastq,sra","gs,ncbi,s3","gs.US,ncbi.public,s3.us-east-1",SRX844353,USA,North America,"USA:MI\,Grand Haven",Illumina MiSeq,43.050297 N 86.245033 W,SLM_beach_26,PAIRED,PCR,METAGENOMIC,freshwater metagenome,ILLUMINA,2015-01-15T00:00:00Z,not applicable,SRP052297,not applicable,freshwater beaches,not applicable,not applicable,not applicable,not applicable,not applicable,GH_water_09_23_13,,,
KA_Back_7_30_13,WI_KASP_Back1_07_30_13,Sheboygan,SRR1761074,AMPLICON,502,108753280,PRJNA272391,SAMN03282257,Metagenome or environmental,63651407,UNIVERSITY OF WISCONSIN - MILWAUKEE,7/30/13,public,"fastq,sra","gs,ncbi,s3","gs.US,ncbi.public,s3.us-east-1",SRX844401,USA,North America,"USA:WI\,Sheboygan",Illumina MiSeq,43.667666 N 87.714781 W,SLM_beach_74,PAIRED,PCR,METAGENOMIC,freshwater metagenome,ILLUMINA,2015-01-15T00:00:00Z,not applicable,SRP052297,not applicable,freshwater beaches,not applicable,not applicable,not applicable,not applicable,not applicable,KA_Back_07_30_13,,,
KA_Back_9_18_13,WI_KASP_Back1_09_18_13,Sheboygan,SRR1761075,AMPLICON,502,138940046,PRJNA272391,SAMN03282258,Metagenome or environmental,81720027,UNIVERSITY OF WISCONSIN - MILWAUKEE,9/18/13,public,"fastq,sra","gs,ncbi,s3","gs.US,ncbi.public,s3.us-east-1",SRX844402,USA,North America,"USA:WI\,Sheboygan",Illumina MiSeq,43.667666 N 87.714781 W,SLM_beach_75,PAIRED,PCR,METAGENOMIC,freshwater metagenome,ILLUMINA,2015-01-15T00:00:00Z,not applicable,SRP052297,not applicable,freshwater beaches,not applicable,not applicable,not applicable,not applicable,not applicable,KA_Back_09_18_13,,,
KA_Back_9_18_13,WI_KASP_Back1_09_18_13_RE1,Sheboygan,SRR1761075,AMPLICON,502,138940046,PRJNA272391,SAMN03282258,Metagenome or environmental,81720027,UNIVERSITY OF WISCONSIN - MILWAUKEE,9/18/13,public,"fastq,sra","gs,ncbi,s3","gs.US,ncbi.public,s3.us-east-1",SRX844402,USA,North America,"USA:WI\,Sheboygan",Illumina MiSeq,43.667666 N 87.714781 W,SLM_beach_75,PAIRED,PCR,METAGENOMIC,freshwater metagenome,ILLUMINA,2015-01-15T00:00:00Z,not applicable,SRP052297,not applicable,freshwater beaches,not applicable,not applicable,not applicable,not applicable,not applicable,KA_Back_09_18_13,,,
KA_Back_6_10_13,WI_KASP_Back1_06_10_13,Sheboygan,SRR1761020,AMPLICON,502,69138954,PRJNA272391,SAMN03282203,Metagenome or environmental,42035690,UNIVERSITY OF WISCONSIN - MILWAUKEE,6/10/13,public,"fastq,sra","gs,ncbi,s3","gs.US,ncbi.public,s3.us-east-1",SRX844347,USA,North America,"USA:WI\,Sheboygan",Illumina MiSeq,43.667666 N 87.714781 W,SLM_beach_20,PAIRED,PCR,METAGENOMIC,freshwater metagenome,ILLUMINA,2015-01-15T00:00:00Z,not applicable,SRP052297,not applicable,freshwater beaches,not applicable,not applicable,not applicable,not applicable,not applicable,KA_Back1_06_10_13,,,
KA_Berm_7_30_13,WI_KASP_Berm1_07_30_13,Sheboygan,SRR1761076,AMPLICON,502,157367462,PRJNA272391,SAMN03282259,Metagenome or environmental,92757141,UNIVERSITY OF WISCONSIN - MILWAUKEE,7/30/13,public,"fastq,sra","gs,ncbi,s3","gs.US,ncbi.public,s3.us-east-1",SRX844403,USA,North America,"USA:WI\,Sheboygan",Illumina MiSeq,43.667666 N 87.714781 W,SLM_beach_76,PAIRED,PCR,METAGENOMIC,freshwater metagenome,ILLUMINA,2015-01-15T00:00:00Z,not applicable,SRP052297,not applicable,freshwater beaches,not applicable,not applicable,not applicable,not applicable,not applicable,KA_Berm_07_30_13,,,
KA_Berm_9_18_13,WI_KASP_Berm1_09_18_13,Sheboygan,SRR1761077,AMPLICON,502,134373352,PRJNA272391,SAMN03282260,Metagenome or environmental,75999082,UNIVERSITY OF WISCONSIN - MILWAUKEE,9/18/13,public,"fastq,sra","gs,ncbi,s3","gs.US,ncbi.public,s3.us-east-1",SRX844404,USA,North America,"USA:WI\,Sheboygan",Illumina MiSeq,43.667666 N 87.714781 W,SLM_beach_77,PAIRED,PCR,METAGENOMIC,freshwater metagenome,ILLUMINA,2015-01-15T00:00:00Z,not applicable,SRP052297,not applicable,freshwater beaches,not applicable,not applicable,not applicable,not applicable,not applicable,KA_Berm_09_18_13,,,
KA_Berm_6_10_13,WI_KASP_Berm1_06_10_13,Sheboygan,SRR1761021,AMPLICON,502,84039318,PRJNA272391,SAMN03282204,Metagenome or environmental,50040549,UNIVERSITY OF WISCONSIN - MILWAUKEE,6/10/13,public,"fastq,sra","gs,ncbi,s3","gs.US,ncbi.public,s3.us-east-1",SRX844348,USA,North America,"USA:WI\,Sheboygan",Illumina MiSeq,43.667666 N 87.714781 W,SLM_beach_21,PAIRED,PCR,METAGENOMIC,freshwater metagenome,ILLUMINA,2015-01-15T00:00:00Z,not applicable,SRP052297,not applicable,freshwater beaches,not applicable,not applicable,not applicable,not applicable,not applicable,KA_Berm1_06_10_13,,,
KA_SUB_7_30_13,WI_KASP_SUB1_07_30_13,Sheboygan,SRR1761078,AMPLICON,502,113295376,PRJNA272391,SAMN03282261,Metagenome or environmental,63350075,UNIVERSITY OF WISCONSIN - MILWAUKEE,7/30/13,public,"fastq,sra","gs,ncbi,s3","gs.US,ncbi.public,s3.us-east-1",SRX844405,USA,North America,"USA:WI\,Sheboygan",Illumina MiSeq,43.667666 N 87.714781 W,SLM_beach_78,PAIRED,PCR,METAGENOMIC,freshwater metagenome,ILLUMINA,2015-01-15T00:00:00Z,not applicable,SRP052297,not applicable,freshwater beaches,not applicable,not applicable,not applicable,not applicable,not applicable,KA_SUB_07_30_13,,,
KA_SUB_9_18_13,WI_KASP_SUB1_09_18_13,Sheboygan,SRR1761079,AMPLICON,502,416877868,PRJNA272391,SAMN03282262,Metagenome or environmental,237041028,UNIVERSITY OF WISCONSIN - MILWAUKEE,9/18/13,public,"fastq,sra","gs,ncbi,s3","gs.US,ncbi.public,s3.us-east-1",SRX844406,USA,North America,"USA:WI\,Sheboygan",Illumina MiSeq,43.667666 N 87.714781 W,SLM_beach_79,PAIRED,PCR,METAGENOMIC,freshwater metagenome,ILLUMINA,2015-01-15T00:00:00Z,not applicable,SRP052297,not applicable,freshwater beaches,not applicable,not applicable,not applicable,not applicable,not applicable,KA_SUB_09_18_13,,,
KA_water_6_10_13,WI_KASP1_06_10_13,Sheboygan,SRR1761019,AMPLICON,502,84102570,PRJNA272391,SAMN03282202,Metagenome or environmental,53189305,UNIVERSITY OF WISCONSIN - MILWAUKEE,6/10/13,public,"fastq,sra","gs,ncbi,s3","gs.US,ncbi.public,s3.us-east-1",SRX844346,USA,North America,"USA:WI\,Sheboygan",Illumina MiSeq,43.667666 N 87.714781 W,SLM_beach_19,PAIRED,PCR,METAGENOMIC,freshwater metagenome,ILLUMINA,2015-01-15T00:00:00Z,not applicable,SRP052297,not applicable,freshwater beaches,not applicable,not applicable,not applicable,not applicable,not applicable,KA_water_06_10_13,,,
KA_water_7_30_13,WI_KASP1_07_30_13,Sheboygan,SRR1761072,AMPLICON,502,106699096,PRJNA272391,SAMN03282255,Metagenome or environmental,62084313,UNIVERSITY OF WISCONSIN - MILWAUKEE,7/30/13,public,"fastq,sra","gs,ncbi,s3","gs.US,ncbi.public,s3.us-east-1",SRX844399,USA,North America,"USA:WI\,Sheboygan",Illumina MiSeq,43.667666 N 87.714781 W,SLM_beach_72,PAIRED,PCR,METAGENOMIC,freshwater metagenome,ILLUMINA,2015-01-15T00:00:00Z,not applicable,SRP052297,not applicable,freshwater beaches,not applicable,not applicable,not applicable,not applicable,not applicable,KA_water_07_30_13,,,
KA_water_9_18_13,WI_KASP1_09_18_13_20131216,Sheboygan,SRR1761073,AMPLICON,502,130855336,PRJNA272391,SAMN03282256,Metagenome or environmental,78710604,UNIVERSITY OF WISCONSIN - MILWAUKEE,9/18/13,public,"fastq,sra","gs,ncbi,s3","gs.US,ncbi.public,s3.us-east-1",SRX844400,USA,North America,"USA:WI\,Sheboygan",Illumina MiSeq,43.667666 N 87.714781 W,SLM_beach_73,PAIRED,PCR,METAGENOMIC,freshwater metagenome,ILLUMINA,2015-01-15T00:00:00Z,not applicable,SRP052297,not applicable,freshwater beaches,not applicable,not applicable,not applicable,not applicable,not applicable,KA_water_09_18_13,,,
KA_water_9_18_13,WI_KASP1_09_18_13_20140219,Sheboygan,SRR1761073,AMPLICON,502,130855336,PRJNA272391,SAMN03282256,Metagenome or environmental,78710604,UNIVERSITY OF WISCONSIN - MILWAUKEE,9/18/13,public,"fastq,sra","gs,ncbi,s3","gs.US,ncbi.public,s3.us-east-1",SRX844400,USA,North America,"USA:WI\,Sheboygan",Illumina MiSeq,43.667666 N 87.714781 W,SLM_beach_73,PAIRED,PCR,METAGENOMIC,freshwater metagenome,ILLUMINA,2015-01-15T00:00:00Z,not applicable,SRP052297,not applicable,freshwater beaches,not applicable,not applicable,not applicable,not applicable,not applicable,KA_water_09_18_13,,,
NB_Back_6_11_13,MI_NB_Back1_06_11_13,Ferrysburg,SRR1761005,AMPLICON,502,76903388,PRJNA272391,SAMN03282188,Metagenome or environmental,47866325,UNIVERSITY OF WISCONSIN - MILWAUKEE,6/11/13,public,"fastq,sra","gs,ncbi,s3","gs.US,ncbi.public,s3.us-east-1",SRX844332,USA,North America,"USA:MI\,Ferrysburg",Illumina MiSeq,43.0827949 N 86.2539433 W,SLM_beach_5,PAIRED,PCR,METAGENOMIC,freshwater metagenome,ILLUMINA,2015-01-15T00:00:00Z,not applicable,SRP052297,not applicable,freshwater beaches,not applicable,not applicable,not applicable,not applicable,not applicable,NB_Back_06_11_13,,,
NB_Back_8_7_13,MI_NB_Back1_08_07_13,Ferrysburg,SRR1761035,AMPLICON,502,37521488,PRJNA272391,SAMN03282218,Metagenome or environmental,21768854,UNIVERSITY OF WISCONSIN - MILWAUKEE,8/7/13,public,"fastq,sra","gs,ncbi,s3","gs.US,ncbi.public,s3.us-east-1",SRX844362,USA,North America,"USA:MI\,Ferrysburg",Illumina MiSeq,43.0827949 N 86.2539433 W,SLM_beach_35,PAIRED,PCR,METAGENOMIC,freshwater metagenome,ILLUMINA,2015-01-15T00:00:00Z,not applicable,SRP052297,not applicable,freshwater beaches,not applicable,not applicable,not applicable,not applicable,not applicable,NB_Back_08_07_13,,,
NB_Back_9_23_13,MI_NB_Back1_09_23_13_RE1,Ferrysburg,SRR1761036,AMPLICON,502,163376904,PRJNA272391,SAMN03282219,Metagenome or environmental,99421066,UNIVERSITY OF WISCONSIN - MILWAUKEE,9/23/13,public,"fastq,sra","gs,ncbi,s3","gs.US,ncbi.public,s3.us-east-1",SRX844363,USA,North America,"USA:MI\,Ferrysburg",Illumina MiSeq,43.0827949 N 86.2539433 W,SLM_beach_36,PAIRED,PCR,METAGENOMIC,freshwater metagenome,ILLUMINA,2015-01-15T00:00:00Z,not applicable,SRP052297,not applicable,freshwater beaches,not applicable,not applicable,not applicable,not applicable,not applicable,NB_Back_09_23_13,,,
NB_Back_9_23_13,MI_NB_Back1_09_23_13_20131216,Ferrysburg,SRR1761036,AMPLICON,502,163376904,PRJNA272391,SAMN03282219,Metagenome or environmental,99421066,UNIVERSITY OF WISCONSIN - MILWAUKEE,9/23/13,public,"fastq,sra","gs,ncbi,s3","gs.US,ncbi.public,s3.us-east-1",SRX844363,USA,North America,"USA:MI\,Ferrysburg",Illumina MiSeq,43.0827949 N 86.2539433 W,SLM_beach_36,PAIRED,PCR,METAGENOMIC,freshwater metagenome,ILLUMINA,2015-01-15T00:00:00Z,not applicable,SRP052297,not applicable,freshwater beaches,not applicable,not applicable,not applicable,not applicable,not applicable,NB_Back_09_23_13,,,
NB_Back_9_23_13,MI_NB_Back1_09_23_13_20140219,Ferrysburg,SRR1761036,AMPLICON,502,163376904,PRJNA272391,SAMN03282219,Metagenome or environmental,99421066,UNIVERSITY OF WISCONSIN - MILWAUKEE,9/23/13,public,"fastq,sra","gs,ncbi,s3","gs.US,ncbi.public,s3.us-east-1",SRX844363,USA,North America,"USA:MI\,Ferrysburg",Illumina MiSeq,43.0827949 N 86.2539433 W,SLM_beach_36,PAIRED,PCR,METAGENOMIC,freshwater metagenome,ILLUMINA,2015-01-15T00:00:00Z,not applicable,SRP052297,not applicable,freshwater beaches,not applicable,not applicable,not applicable,not applicable,not applicable,NB_Back_09_23_13,,,
NB_Back_9_23_13,MI_NB_Back1_09_23_13_RE2,Ferrysburg,SRR1761036,AMPLICON,502,163376904,PRJNA272391,SAMN03282219,Metagenome or environmental,99421066,UNIVERSITY OF WISCONSIN - MILWAUKEE,9/23/13,public,"fastq,sra","gs,ncbi,s3","gs.US,ncbi.public,s3.us-east-1",SRX844363,USA,North America,"USA:MI\,Ferrysburg",Illumina MiSeq,43.0827949 N 86.2539433 W,SLM_beach_36,PAIRED,PCR,METAGENOMIC,freshwater metagenome,ILLUMINA,2015-01-15T00:00:00Z,not applicable,SRP052297,not applicable,freshwater beaches,not applicable,not applicable,not applicable,not applicable,not applicable,NB_Back_09_23_13,,,
NB_Berm_6_11_13,MI_NB_Berm1_06_11_13,Ferrysburg,SRR1761006,AMPLICON,502,77397356,PRJNA272391,SAMN03282189,Metagenome or environmental,47235590,UNIVERSITY OF WISCONSIN - MILWAUKEE,6/11/13,public,"fastq,sra","gs,ncbi,s3","gs.US,ncbi.public,s3.us-east-1",SRX844333,USA,North America,"USA:MI\,Ferrysburg",Illumina MiSeq,43.0827949 N 86.2539433 W,SLM_beach_6,PAIRED,PCR,METAGENOMIC,freshwater metagenome,ILLUMINA,2015-01-15T00:00:00Z,not applicable,SRP052297,not applicable,freshwater beaches,not applicable,not applicable,not applicable,not applicable,not applicable,NB_Berm_06_11_13,,,
NB_Berm_8_7_13,MI_NB_Berm1_08_07_13,Ferrysburg,SRR1761037,AMPLICON,502,39252384,PRJNA272391,SAMN03282220,Metagenome or environmental,22767864,UNIVERSITY OF WISCONSIN - MILWAUKEE,8/7/13,public,"fastq,sra","gs,ncbi,s3","gs.US,ncbi.public,s3.us-east-1",SRX844364,USA,North America,"USA:MI\,Ferrysburg",Illumina MiSeq,43.0827949 N 86.2539433 W,SLM_beach_37,PAIRED,PCR,METAGENOMIC,freshwater metagenome,ILLUMINA,2015-01-15T00:00:00Z,not applicable,SRP052297,not applicable,freshwater beaches,not applicable,not applicable,not applicable,not applicable,not applicable,NB_Berm_08_07_13,,,
NB_Berm_9_23_13,MI_NB_Berm1_09_23_13,Ferrysburg,SRR1761038,AMPLICON,502,69371380,PRJNA272391,SAMN03282221,Metagenome or environmental,39191283,UNIVERSITY OF WISCONSIN - MILWAUKEE,9/23/13,public,"fastq,sra","gs,ncbi,s3","gs.US,ncbi.public,s3.us-east-1",SRX844365,USA,North America,"USA:MI\,Ferrysburg",Illumina MiSeq,43.0827949 N 86.2539433 W,SLM_beach_38,PAIRED,PCR,METAGENOMIC,freshwater metagenome,ILLUMINA,2015-01-15T00:00:00Z,not applicable,SRP052297,not applicable,freshwater beaches,not applicable,not applicable,not applicable,not applicable,not applicable,NB_Berm_09_23_13,,,
NB_SUB_8_7_13,MI_NB_SUB1_08_07_13,Ferrysburg,SRR1761039,AMPLICON,502,86055350,PRJNA272391,SAMN03282222,Metagenome or environmental,48458578,UNIVERSITY OF WISCONSIN - MILWAUKEE,8/7/13,public,"fastq,sra","gs,ncbi,s3","gs.US,ncbi.public,s3.us-east-1",SRX844366,USA,North America,"USA:MI\,Ferrysburg",Illumina MiSeq,43.0827949 N 86.2539433 W,SLM_beach_39,PAIRED,PCR,METAGENOMIC,freshwater metagenome,ILLUMINA,2015-01-15T00:00:00Z,not applicable,SRP052297,not applicable,freshwater beaches,not applicable,not applicable,not applicable,not applicable,not applicable,NB_SUB_08_07_13,,,
NB_SUB_9_23_13,MI_NB_SUB1_09_23_13_20131216,Ferrysburg,SRR1761040,AMPLICON,502,68229832,PRJNA272391,SAMN03282223,Metagenome or environmental,39048435,UNIVERSITY OF WISCONSIN - MILWAUKEE,9/23/13,public,"fastq,sra","gs,ncbi,s3","gs.US,ncbi.public,s3.us-east-1",SRX844367,USA,North America,"USA:MI\,Ferrysburg",Illumina MiSeq,43.0827949 N 86.2539433 W,SLM_beach_40,PAIRED,PCR,METAGENOMIC,freshwater metagenome,ILLUMINA,2015-01-15T00:00:00Z,not applicable,SRP052297,not applicable,freshwater beaches,not applicable,not applicable,not applicable,not applicable,not applicable,NB_SUB_09_23_13,,,
NB_SUB_9_23_13,MI_NB_SUB1_09_23_13_20140219,Ferrysburg,SRR1761040,AMPLICON,502,68229832,PRJNA272391,SAMN03282223,Metagenome or environmental,39048435,UNIVERSITY OF WISCONSIN - MILWAUKEE,9/23/13,public,"fastq,sra","gs,ncbi,s3","gs.US,ncbi.public,s3.us-east-1",SRX844367,USA,North America,"USA:MI\,Ferrysburg",Illumina MiSeq,43.0827949 N 86.2539433 W,SLM_beach_40,PAIRED,PCR,METAGENOMIC,freshwater metagenome,ILLUMINA,2015-01-15T00:00:00Z,not applicable,SRP052297,not applicable,freshwater beaches,not applicable,not applicable,not applicable,not applicable,not applicable,NB_SUB_09_23_13,,,
NB_water_6_11_13,MI_NB1_06_11_13,Ferrysburg,SRR1761004,AMPLICON,502,74533948,PRJNA272391,SAMN03282187,Metagenome or environmental,45509664,UNIVERSITY OF WISCONSIN - MILWAUKEE,6/11/13,public,"fastq,sra","gs,ncbi,s3","gs.US,ncbi.public,s3.us-east-1",SRX844331,USA,North America,"USA:MI\,Ferrysburg",Illumina MiSeq,43.0827949 N 86.2539433 W,SLM_beach_4,PAIRED,PCR,METAGENOMIC,freshwater metagenome,ILLUMINA,2015-01-15T00:00:00Z,not applicable,SRP052297,not applicable,freshwater beaches,not applicable,not applicable,not applicable,not applicable,not applicable,NB_water_06_11_13,,,
NB_water_8_7_13,MI_NB1_08_07_13_RE1,Ferrysburg,SRR1761033,AMPLICON,502,182030220,PRJNA272391,SAMN03282216,Metagenome or environmental,110413564,UNIVERSITY OF WISCONSIN - MILWAUKEE,8/7/13,public,"fastq,sra","gs,ncbi,s3","gs.US,ncbi.public,s3.us-east-1",SRX844360,USA,North America,"USA:MI\,Ferrysburg",Illumina MiSeq,43.0827949 N 86.2539433 W,SLM_beach_33,PAIRED,PCR,METAGENOMIC,freshwater metagenome,ILLUMINA,2015-01-15T00:00:00Z,not applicable,SRP052297,not applicable,freshwater beaches,not applicable,not applicable,not applicable,not applicable,not applicable,NB_water_08_07_13,,,
NB_water_8_7_13,MI_NB1_08_07_13_RE2,Ferrysburg,SRR1761033,AMPLICON,502,182030220,PRJNA272391,SAMN03282216,Metagenome or environmental,110413564,UNIVERSITY OF WISCONSIN - MILWAUKEE,8/7/13,public,"fastq,sra","gs,ncbi,s3","gs.US,ncbi.public,s3.us-east-1",SRX844360,USA,North America,"USA:MI\,Ferrysburg",Illumina MiSeq,43.0827949 N 86.2539433 W,SLM_beach_33,PAIRED,PCR,METAGENOMIC,freshwater metagenome,ILLUMINA,2015-01-15T00:00:00Z,not applicable,SRP052297,not applicable,freshwater beaches,not applicable,not applicable,not applicable,not applicable,not applicable,NB_water_08_07_13,,,
NB_water_8_7_13,MI_NB1_08_07_13,Ferrysburg,SRR1761033,AMPLICON,502,182030220,PRJNA272391,SAMN03282216,Metagenome or environmental,110413564,UNIVERSITY OF WISCONSIN - MILWAUKEE,8/7/13,public,"fastq,sra","gs,ncbi,s3","gs.US,ncbi.public,s3.us-east-1",SRX844360,USA,North America,"USA:MI\,Ferrysburg",Illumina MiSeq,43.0827949 N 86.2539433 W,SLM_beach_33,PAIRED,PCR,METAGENOMIC,freshwater metagenome,ILLUMINA,2015-01-15T00:00:00Z,not applicable,SRP052297,not applicable,freshwater beaches,not applicable,not applicable,not applicable,not applicable,not applicable,NB_water_08_07_13,,,
NB_water_9_23_13,MI_NB1_09_23_13_20131216,Ferrysburg,SRR1761034,AMPLICON,502,103430072,PRJNA272391,SAMN03282217,Metagenome or environmental,63206766,UNIVERSITY OF WISCONSIN - MILWAUKEE,9/23/13,public,"fastq,sra","gs,ncbi,s3","gs.US,ncbi.public,s3.us-east-1",SRX844361,USA,North America,"USA:MI\,Ferrysburg",Illumina MiSeq,43.0827949 N 86.2539433 W,SLM_beach_34,PAIRED,PCR,METAGENOMIC,freshwater metagenome,ILLUMINA,2015-01-15T00:00:00Z,not applicable,SRP052297,not applicable,freshwater beaches,not applicable,not applicable,not applicable,not applicable,not applicable,NB_water_09_23_13,,,
NB_water_9_23_13,MI_NB1_09_23_13_20140219,Ferrysburg,SRR1761034,AMPLICON,502,103430072,PRJNA272391,SAMN03282217,Metagenome or environmental,63206766,UNIVERSITY OF WISCONSIN - MILWAUKEE,9/23/13,public,"fastq,sra","gs,ncbi,s3","gs.US,ncbi.public,s3.us-east-1",SRX844361,USA,North America,"USA:MI\,Ferrysburg",Illumina MiSeq,43.0827949 N 86.2539433 W,SLM_beach_34,PAIRED,PCR,METAGENOMIC,freshwater metagenome,ILLUMINA,2015-01-15T00:00:00Z,not applicable,SRP052297,not applicable,freshwater beaches,not applicable,not applicable,not applicable,not applicable,not applicable,NB_water_09_23_13,,,
PB_Back_7_30_13,WI_LTHS_Back1_07_30_13,Two Rivers,SRR1761082,AMPLICON,502,204555964,PRJNA272391,SAMN03282265,Metagenome or environmental,118107456,UNIVERSITY OF WISCONSIN - MILWAUKEE,7/30/13,public,"fastq,sra","gs,ncbi,s3","gs.US,ncbi.public,s3.us-east-1",SRX844409,USA,North America,"USA:WI\,Two Rivers",Illumina MiSeq,44.210906 N 87.507020 W,SLM_beach_82,PAIRED,PCR,METAGENOMIC,freshwater metagenome,ILLUMINA,2015-01-15T00:00:00Z,not applicable,SRP052297,not applicable,freshwater beaches,not applicable,not applicable,not applicable,not applicable,not applicable,PB_Back_07_30_13,,,
PB_Back_9_18_13,WI_LTHS_Back1_09_18_13_RE1,Two Rivers,SRR1761083,AMPLICON,502,133636918,PRJNA272391,SAMN03282266,Metagenome or environmental,78007262,UNIVERSITY OF WISCONSIN - MILWAUKEE,9/18/13,public,"fastq,sra","gs,ncbi,s3","gs.US,ncbi.public,s3.us-east-1",SRX844410,USA,North America,"USA:WI\,Two Rivers",Illumina MiSeq,44.210906 N 87.507020 W,SLM_beach_83,PAIRED,PCR,METAGENOMIC,freshwater metagenome,ILLUMINA,2015-01-15T00:00:00Z,not applicable,SRP052297,not applicable,freshwater beaches,not applicable,not applicable,not applicable,not applicable,not applicable,PB_Back_09_18_13,,,
PB_Back_9_18_13,WI_LTHS_Back1_09_18_13,Two Rivers,SRR1761083,AMPLICON,502,133636918,PRJNA272391,SAMN03282266,Metagenome or environmental,78007262,UNIVERSITY OF WISCONSIN - MILWAUKEE,9/18/13,public,"fastq,sra","gs,ncbi,s3","gs.US,ncbi.public,s3.us-east-1",SRX844410,USA,North America,"USA:WI\,Two Rivers",Illumina MiSeq,44.210906 N 87.507020 W,SLM_beach_83,PAIRED,PCR,METAGENOMIC,freshwater metagenome,ILLUMINA,2015-01-15T00:00:00Z,not applicable,SRP052297,not applicable,freshwater beaches,not applicable,not applicable,not applicable,not applicable,not applicable,PB_Back_09_18_13,,,
PB_Back_6_10_13,WI_LTHS_Back1_06_10_13,Two Rivers,SRR1761023,AMPLICON,502,56166270,PRJNA272391,SAMN03282206,Metagenome or environmental,34056380,UNIVERSITY OF WISCONSIN - MILWAUKEE,6/10/13,public,"fastq,sra","gs,ncbi,s3","gs.US,ncbi.public,s3.us-east-1",SRX844350,USA,North America,"USA:WI\,Two Rivers",Illumina MiSeq,44.210906 N 87.507020 W,SLM_beach_23,PAIRED,PCR,METAGENOMIC,freshwater metagenome,ILLUMINA,2015-01-15T00:00:00Z,not applicable,SRP052297,not applicable,freshwater beaches,not applicable,not applicable,not applicable,not applicable,not applicable,PB_Back1_06_10_13,,,
PB_Berm_7_30_13,WI_LTHS_Berm1_07_30_13,Two Rivers,SRR1761084,AMPLICON,502,113065962,PRJNA272391,SAMN03282267,Metagenome or environmental,63732059,UNIVERSITY OF WISCONSIN - MILWAUKEE,7/30/13,public,"fastq,sra","gs,ncbi,s3","gs.US,ncbi.public,s3.us-east-1",SRX844411,USA,North America,"USA:WI\,Two Rivers",Illumina MiSeq,44.210906 N 87.507020 W,SLM_beach_84,PAIRED,PCR,METAGENOMIC,freshwater metagenome,ILLUMINA,2015-01-15T00:00:00Z,not applicable,SRP052297,not applicable,freshwater beaches,not applicable,not applicable,not applicable,not applicable,not applicable,PB_Berm_07_30_13,,,
PB_Berm_9_18_13,WI_LTHS_Berm1_09_18_13,Two Rivers,SRR1761085,AMPLICON,502,128513506,PRJNA272391,SAMN03282268,Metagenome or environmental,72921991,UNIVERSITY OF WISCONSIN - MILWAUKEE,9/18/13,public,"fastq,sra","gs,ncbi,s3","gs.US,ncbi.public,s3.us-east-1",SRX844412,USA,North America,"USA:WI\,Two Rivers",Illumina MiSeq,44.210906 N 87.507020 W,SLM_beach_85,PAIRED,PCR,METAGENOMIC,freshwater metagenome,ILLUMINA,2015-01-15T00:00:00Z,not applicable,SRP052297,not applicable,freshwater beaches,not applicable,not applicable,not applicable,not applicable,not applicable,PB_Berm_09_18_13,,,
PB_Berm_6_10_13,WI_LTHS_Berm1_06_10_13,Two Rivers,SRR1761024,AMPLICON,502,70650476,PRJNA272391,SAMN03282207,Metagenome or environmental,42112663,UNIVERSITY OF WISCONSIN - MILWAUKEE,6/10/13,public,"fastq,sra","gs,ncbi,s3","gs.US,ncbi.public,s3.us-east-1",SRX844351,USA,North America,"USA:WI\,Two Rivers",Illumina MiSeq,44.210906 N 87.507020 W,SLM_beach_24,PAIRED,PCR,METAGENOMIC,freshwater metagenome,ILLUMINA,2015-01-15T00:00:00Z,not applicable,SRP052297,not applicable,freshwater beaches,not applicable,not applicable,not applicable,not applicable,not applicable,PB_Berm1_06_10_13,,,
PB_SUB_7_30_13,WI_LTHS_SUB1_07_30_13,Two Rivers,SRR1761086,AMPLICON,502,229916502,PRJNA272391,SAMN03282269,Metagenome or environmental,129102073,UNIVERSITY OF WISCONSIN - MILWAUKEE,7/30/13,public,"fastq,sra","gs,ncbi,s3","gs.US,ncbi.public,s3.us-east-1",SRX844413,USA,North America,"USA:WI\,Two Rivers",Illumina MiSeq,44.210906 N 87.507020 W,SLM_beach_86,PAIRED,PCR,METAGENOMIC,freshwater metagenome,ILLUMINA,2015-01-15T00:00:00Z,not applicable,SRP052297,not applicable,freshwater beaches,not applicable,not applicable,not applicable,not applicable,not applicable,PB_SUB_07_30_13,,,
PB_SUB_9_18_13,WI_LTHS_SUB1_09_18_13,Two Rivers,SRR1761087,AMPLICON,502,168720694,PRJNA272391,SAMN03282270,Metagenome or environmental,97199522,UNIVERSITY OF WISCONSIN - MILWAUKEE,9/18/13,public,"fastq,sra","gs,ncbi,s3","gs.US,ncbi.public,s3.us-east-1",SRX844414,USA,North America,"USA:WI\,Two Rivers",Illumina MiSeq,44.210906 N 87.507020 W,SLM_beach_87,PAIRED,PCR,METAGENOMIC,freshwater metagenome,ILLUMINA,2015-01-15T00:00:00Z,not applicable,SRP052297,not applicable,freshwater beaches,not applicable,not applicable,not applicable,not applicable,not applicable,PB_SUB_09_18_13,,,
PB_SUB_9_18_13,WI_LTHS_SUB1_09_18_13_RE1,Two Rivers,SRR1761087,AMPLICON,502,168720694,PRJNA272391,SAMN03282270,Metagenome or environmental,97199522,UNIVERSITY OF WISCONSIN - MILWAUKEE,9/18/13,public,"fastq,sra","gs,ncbi,s3","gs.US,ncbi.public,s3.us-east-1",SRX844414,USA,North America,"USA:WI\,Two Rivers",Illumina MiSeq,44.210906 N 87.507020 W,SLM_beach_87,PAIRED,PCR,METAGENOMIC,freshwater metagenome,ILLUMINA,2015-01-15T00:00:00Z,not applicable,SRP052297,not applicable,freshwater beaches,not applicable,not applicable,not applicable,not applicable,not applicable,PB_SUB_09_18_13,,,
PB_water_6_10_13,WI_LTHS1_06_10_13,Two Rivers,SRR1761022,AMPLICON,502,50960028,PRJNA272391,SAMN03282205,Metagenome or environmental,32136147,UNIVERSITY OF WISCONSIN - MILWAUKEE,6/10/13,public,"fastq,sra","gs,ncbi,s3","gs.US,ncbi.public,s3.us-east-1",SRX844349,USA,North America,"USA:WI\,Two Rivers",Illumina MiSeq,44.210906 N 87.507020 W,SLM_beach_22,PAIRED,PCR,METAGENOMIC,freshwater metagenome,ILLUMINA,2015-01-15T00:00:00Z,not applicable,SRP052297,not applicable,freshwater beaches,not applicable,not applicable,not applicable,not applicable,not applicable,PB_water_06_10_13,,,
PB_water_7_30_13,WI_LTHS1_07_30_13,Two Rivers,SRR1761080,AMPLICON,502,102606290,PRJNA272391,SAMN03282263,Metagenome or environmental,58656422,UNIVERSITY OF WISCONSIN - MILWAUKEE,7/30/13,public,"fastq,sra","gs,ncbi,s3","gs.US,ncbi.public,s3.us-east-1",SRX844407,USA,North America,"USA:WI\,Two Rivers",Illumina MiSeq,44.210906 N 87.507020 W,SLM_beach_80,PAIRED,PCR,METAGENOMIC,freshwater metagenome,ILLUMINA,2015-01-15T00:00:00Z,not applicable,SRP052297,not applicable,freshwater beaches,not applicable,not applicable,not applicable,not applicable,not applicable,PB_water_07_30_13,,,
PB_water_9_18_13,WI_LTHS1_09_18_13_20131216,Two Rivers,SRR1761081,AMPLICON,502,135484780,PRJNA272391,SAMN03282264,Metagenome or environmental,81176399,UNIVERSITY OF WISCONSIN - MILWAUKEE,9/18/13,public,"fastq,sra","gs,ncbi,s3","gs.US,ncbi.public,s3.us-east-1",SRX844408,USA,North America,"USA:WI\,Two Rivers",Illumina MiSeq,44.210906 N 87.507020 W,SLM_beach_81,PAIRED,PCR,METAGENOMIC,freshwater metagenome,ILLUMINA,2015-01-15T00:00:00Z,not applicable,SRP052297,not applicable,freshwater beaches,not applicable,not applicable,not applicable,not applicable,not applicable,PB_water_09_18_13,,,
PB_water_9_18_13,WI_LTHS1_09_18_13_20140219,Two Rivers,SRR1761081,AMPLICON,502,135484780,PRJNA272391,SAMN03282264,Metagenome or environmental,81176399,UNIVERSITY OF WISCONSIN - MILWAUKEE,9/18/13,public,"fastq,sra","gs,ncbi,s3","gs.US,ncbi.public,s3.us-east-1",SRX844408,USA,North America,"USA:WI\,Two Rivers",Illumina MiSeq,44.210906 N 87.507020 W,SLM_beach_81,PAIRED,PCR,METAGENOMIC,freshwater metagenome,ILLUMINA,2015-01-15T00:00:00Z,not applicable,SRP052297,not applicable,freshwater beaches,not applicable,not applicable,not applicable,not applicable,not applicable,PB_water_09_18_13,,,
PJ_Back_6_11_13,MI_PJHOFF_Back1_06_11_13,Muskegon,SRR1761008,AMPLICON,502,44341158,PRJNA272391,SAMN03282191,Metagenome or environmental,28242940,UNIVERSITY OF WISCONSIN - MILWAUKEE,6/11/13,public,"fastq,sra","gs,ncbi,s3","gs.US,ncbi.public,s3.us-east-1",SRX844335,USA,North America,"USA:MI\,Muskegon",Illumina MiSeq,43.126141 N 86.275990 W,SLM_beach_8,PAIRED,PCR,METAGENOMIC,freshwater metagenome,ILLUMINA,2015-01-15T00:00:00Z,not applicable,SRP052297,not applicable,freshwater beaches,not applicable,not applicable,not applicable,not applicable,not applicable,PJ_Back_06_11_13,,,
PJ_Back_8_7_13,MI_PJHOFF_Back1_08_07_13,Muskegon,SRR1761043,AMPLICON,502,43012866,PRJNA272391,SAMN03282226,Metagenome or environmental,25291976,UNIVERSITY OF WISCONSIN - MILWAUKEE,8/7/13,public,"fastq,sra","gs,ncbi,s3","gs.US,ncbi.public,s3.us-east-1",SRX844370,USA,North America,"USA:MI\,Muskegon",Illumina MiSeq,43.126141 N 86.275990 W,SLM_beach_43,PAIRED,PCR,METAGENOMIC,freshwater metagenome,ILLUMINA,2015-01-15T00:00:00Z,not applicable,SRP052297,not applicable,freshwater beaches,not applicable,not applicable,not applicable,not applicable,not applicable,PJ_Back_08_07_13,,,
PJ_Back_9_23_13,MI_PJHOFF_Back1_09_23_13,Muskegon,SRR1761044,AMPLICON,502,65618930,PRJNA272391,SAMN03282227,Metagenome or environmental,38242161,UNIVERSITY OF WISCONSIN - MILWAUKEE,9/23/13,public,"fastq,sra","gs,ncbi,s3","gs.US,ncbi.public,s3.us-east-1",SRX844371,USA,North America,"USA:MI\,Muskegon",Illumina MiSeq,43.126141 N 86.275990 W,SLM_beach_44,PAIRED,PCR,METAGENOMIC,freshwater metagenome,ILLUMINA,2015-01-15T00:00:00Z,not applicable,SRP052297,not applicable,freshwater beaches,not applicable,not applicable,not applicable,not applicable,not applicable,PJ_Back_09_23_13,,,
PJ_Berm_6_11_13,MI_PJHOFF_Berm1_06_11_13,Muskegon,SRR1761009,AMPLICON,502,61232454,PRJNA272391,SAMN03282192,Metagenome or environmental,38101663,UNIVERSITY OF WISCONSIN - MILWAUKEE,6/11/13,public,"fastq,sra","gs,ncbi,s3","gs.US,ncbi.public,s3.us-east-1",SRX844336,USA,North America,"USA:MI\,Muskegon",Illumina MiSeq,43.126141 N 86.275990 W,SLM_beach_9,PAIRED,PCR,METAGENOMIC,freshwater metagenome,ILLUMINA,2015-01-15T00:00:00Z,not applicable,SRP052297,not applicable,freshwater beaches,not applicable,not applicable,not applicable,not applicable,not applicable,PJ_Berm_06_11_13,,,
PJ_Berm_8_7_13,MI_PJHOFF_Berm1_08_07_13,Muskegon,SRR1761045,AMPLICON,502,37333238,PRJNA272391,SAMN03282228,Metagenome or environmental,21735796,UNIVERSITY OF WISCONSIN - MILWAUKEE,8/7/13,public,"fastq,sra","gs,ncbi,s3","gs.US,ncbi.public,s3.us-east-1",SRX844372,USA,North America,"USA:MI\,Muskegon",Illumina MiSeq,43.126141 N 86.275990 W,SLM_beach_45,PAIRED,PCR,METAGENOMIC,freshwater metagenome,ILLUMINA,2015-01-15T00:00:00Z,not applicable,SRP052297,not applicable,freshwater beaches,not applicable,not applicable,not applicable,not applicable,not applicable,PJ_Berm_08_07_13,,,
PJ_SUB_8_7_13,MI_PJHOFF_SUB1_08_07_13,Muskegon,SRR1761046,AMPLICON,502,147174352,PRJNA272391,SAMN03282229,Metagenome or environmental,84385537,UNIVERSITY OF WISCONSIN - MILWAUKEE,8/7/13,public,"fastq,sra","gs,ncbi,s3","gs.US,ncbi.public,s3.us-east-1",SRX844373,USA,North America,"USA:MI\,Muskegon",Illumina MiSeq,43.126141 N 86.275990 W,SLM_beach_46,PAIRED,PCR,METAGENOMIC,freshwater metagenome,ILLUMINA,2015-01-15T00:00:00Z,not applicable,SRP052297,not applicable,freshwater beaches,not applicable,not applicable,not applicable,not applicable,not applicable,PJ_SUB_08_07_13,,,
PJ_SUB_8_7_13,MI_PJHOFF_SUB1_08_07_13_RE1,Muskegon,SRR1761046,AMPLICON,502,147174352,PRJNA272391,SAMN03282229,Metagenome or environmental,84385537,UNIVERSITY OF WISCONSIN - MILWAUKEE,8/7/13,public,"fastq,sra","gs,ncbi,s3","gs.US,ncbi.public,s3.us-east-1",SRX844373,USA,North America,"USA:MI\,Muskegon",Illumina MiSeq,43.126141 N 86.275990 W,SLM_beach_46,PAIRED,PCR,METAGENOMIC,freshwater metagenome,ILLUMINA,2015-01-15T00:00:00Z,not applicable,SRP052297,not applicable,freshwater beaches,not applicable,not applicable,not applicable,not applicable,not applicable,PJ_SUB_08_07_13,,,
PJ_SUB_9_23_13,MI_PJHOFF_SUB1_09_23_13,Muskegon,SRR1761047,AMPLICON,502,61705338,PRJNA272391,SAMN03282230,Metagenome or environmental,34817207,UNIVERSITY OF WISCONSIN - MILWAUKEE,9/23/13,public,"fastq,sra","gs,ncbi,s3","gs.US,ncbi.public,s3.us-east-1",SRX844374,USA,North America,"USA:MI\,Muskegon",Illumina MiSeq,43.126141 N 86.275990 W,SLM_beach_47,PAIRED,PCR,METAGENOMIC,freshwater metagenome,ILLUMINA,2015-01-15T00:00:00Z,not applicable,SRP052297,not applicable,freshwater beaches,not applicable,not applicable,not applicable,not applicable,not applicable,PJ_SUB_09_23_13,,,
PJ_water_6_11_13,MI_PJHOFF1_06_11_13,Muskegon,SRR1761007,AMPLICON,502,80248214,PRJNA272391,SAMN03282190,Metagenome or environmental,48877008,UNIVERSITY OF WISCONSIN - MILWAUKEE,6/11/13,public,"fastq,sra","gs,ncbi,s3","gs.US,ncbi.public,s3.us-east-1",SRX844334,USA,North America,"USA:MI\,Muskegon",Illumina MiSeq,43.126141 N 86.275990 W,SLM_beach_7,PAIRED,PCR,METAGENOMIC,freshwater metagenome,ILLUMINA,2015-01-15T00:00:00Z,not applicable,SRP052297,not applicable,freshwater beaches,not applicable,not applicable,not applicable,not applicable,not applicable,PJ_water_06_11_13,,,
PJ_water_8_7_13,MI_PJHOFF1_08_07_13,Muskegon,SRR1761041,AMPLICON,502,95636020,PRJNA272391,SAMN03282224,Metagenome or environmental,55439554,UNIVERSITY OF WISCONSIN - MILWAUKEE,8/7/13,public,"fastq,sra","gs,ncbi,s3","gs.US,ncbi.public,s3.us-east-1",SRX844368,USA,North America,"USA:MI\,Muskegon",Illumina MiSeq,43.126141 N 86.275990 W,SLM_beach_41,PAIRED,PCR,METAGENOMIC,freshwater metagenome,ILLUMINA,2015-01-15T00:00:00Z,not applicable,SRP052297,not applicable,freshwater beaches,not applicable,not applicable,not applicable,not applicable,not applicable,PJ_water_08_07_13,,,
PJ_water_9_23_13,MI_PJHOFF1_09_23_13_20131216,Muskegon,SRR1761042,AMPLICON,502,105934048,PRJNA272391,SAMN03282225,Metagenome or environmental,63920531,UNIVERSITY OF WISCONSIN - MILWAUKEE,9/23/13,public,"fastq,sra","gs,ncbi,s3","gs.US,ncbi.public,s3.us-east-1",SRX844369,USA,North America,"USA:MI\,Muskegon",Illumina MiSeq,43.126141 N 86.275990 W,SLM_beach_42,PAIRED,PCR,METAGENOMIC,freshwater metagenome,ILLUMINA,2015-01-15T00:00:00Z,not applicable,SRP052297,not applicable,freshwater beaches,not applicable,not applicable,not applicable,not applicable,not applicable,PJ_water_09_23_13,,,
PJ_water_9_23_13,MI_PJHOFF1_09_23_13_20140219,Muskegon,SRR1761042,AMPLICON,502,105934048,PRJNA272391,SAMN03282225,Metagenome or environmental,63920531,UNIVERSITY OF WISCONSIN - MILWAUKEE,9/23/13,public,"fastq,sra","gs,ncbi,s3","gs.US,ncbi.public,s3.us-east-1",SRX844369,USA,North America,"USA:MI\,Muskegon",Illumina MiSeq,43.126141 N 86.275990 W,SLM_beach_42,PAIRED,PCR,METAGENOMIC,freshwater metagenome,ILLUMINA,2015-01-15T00:00:00Z,not applicable,SRP052297,not applicable,freshwater beaches,not applicable,not applicable,not applicable,not applicable,not applicable,PJ_water_09_23_13,,,
PM_Back_6_11_13,MI_PMARQ_Back1_06_11_13,Muskegon,SRR1761011,AMPLICON,502,56742566,PRJNA272391,SAMN03282194,Metagenome or environmental,36135283,UNIVERSITY OF WISCONSIN - MILWAUKEE,6/11/13,public,"fastq,sra","gs,ncbi,s3","gs.US,ncbi.public,s3.us-east-1",SRX844338,USA,North America,"USA:MI\,Muskegon",Illumina MiSeq,43.223368 N 86.337708 W,SLM_beach_11,PAIRED,PCR,METAGENOMIC,freshwater metagenome,ILLUMINA,2015-01-15T00:00:00Z,not applicable,SRP052297,not applicable,freshwater beaches,not applicable,not applicable,not applicable,not applicable,not applicable,PM_Back_06_11_13,,,
PM_Back_8_7_13,MI_PMARQ_Back1_08_07_13,Muskegon,SRR1761050,AMPLICON,502,28665706,PRJNA272391,SAMN03282233,Metagenome or environmental,16604333,UNIVERSITY OF WISCONSIN - MILWAUKEE,8/7/13,public,"fastq,sra","gs,ncbi,s3","gs.US,ncbi.public,s3.us-east-1",SRX844377,USA,North America,"USA:MI\,Muskegon",Illumina MiSeq,43.223368 N 86.337708 W,SLM_beach_50,PAIRED,PCR,METAGENOMIC,freshwater metagenome,ILLUMINA,2015-01-15T00:00:00Z,not applicable,SRP052297,not applicable,freshwater beaches,not applicable,not applicable,not applicable,not applicable,not applicable,PM_Back_08_07_13,,,
PM_Back_9_23_13,MI_PMARQ_Back1_09_23_13,Muskegon,SRR1761051,AMPLICON,502,153040222,PRJNA272391,SAMN03282234,Metagenome or environmental,92831240,UNIVERSITY OF WISCONSIN - MILWAUKEE,9/23/13,public,"fastq,sra","gs,ncbi,s3","gs.US,ncbi.public,s3.us-east-1",SRX844378,USA,North America,"USA:MI\,Muskegon",Illumina MiSeq,43.223368 N 86.337708 W,SLM_beach_51,PAIRED,PCR,METAGENOMIC,freshwater metagenome,ILLUMINA,2015-01-15T00:00:00Z,not applicable,SRP052297,not applicable,freshwater beaches,not applicable,not applicable,not applicable,not applicable,not applicable,PM_Back_09_23_13,,,
PM_Back_9_23_13,MI_PMARQ_Back1_09_23_13_RE1,Muskegon,SRR1761051,AMPLICON,502,153040222,PRJNA272391,SAMN03282234,Metagenome or environmental,92831240,UNIVERSITY OF WISCONSIN - MILWAUKEE,9/23/13,public,"fastq,sra","gs,ncbi,s3","gs.US,ncbi.public,s3.us-east-1",SRX844378,USA,North America,"USA:MI\,Muskegon",Illumina MiSeq,43.223368 N 86.337708 W,SLM_beach_51,PAIRED,PCR,METAGENOMIC,freshwater metagenome,ILLUMINA,2015-01-15T00:00:00Z,not applicable,SRP052297,not applicable,freshwater beaches,not applicable,not applicable,not applicable,not applicable,not applicable,PM_Back_09_23_13,,,
PM_Berm_6_11_13,MI_PMARQ_Berm1_06_11_13,Muskegon,SRR1761012,AMPLICON,502,70315140,PRJNA272391,SAMN03282195,Metagenome or environmental,43755743,UNIVERSITY OF WISCONSIN - MILWAUKEE,6/11/13,public,"fastq,sra","gs,ncbi,s3","gs.US,ncbi.public,s3.us-east-1",SRX844339,USA,North America,"USA:MI\,Muskegon",Illumina MiSeq,43.223368 N 86.337708 W,SLM_beach_12,PAIRED,PCR,METAGENOMIC,freshwater metagenome,ILLUMINA,2015-01-15T00:00:00Z,not applicable,SRP052297,not applicable,freshwater beaches,not applicable,not applicable,not applicable,not applicable,not applicable,PM_Berm_06_11_13,,,
PM_Berm_8_7_13,MI_PMARQ_Berm1_08_07_13,Muskegon,SRR1761052,AMPLICON,502,65151066,PRJNA272391,SAMN03282235,Metagenome or environmental,37631424,UNIVERSITY OF WISCONSIN - MILWAUKEE,8/7/13,public,"fastq,sra","gs,ncbi,s3","gs.US,ncbi.public,s3.us-east-1",SRX844379,USA,North America,"USA:MI\,Muskegon",Illumina MiSeq,43.223368 N 86.337708 W,SLM_beach_52,PAIRED,PCR,METAGENOMIC,freshwater metagenome,ILLUMINA,2015-01-15T00:00:00Z,not applicable,SRP052297,not applicable,freshwater beaches,not applicable,not applicable,not applicable,not applicable,not applicable,PM_Berm_08_07_13,,,
PM_Berm_9_23_13,MI_PMARQ_Berm1_09_23_13,Muskegon,SRR1761053,AMPLICON,502,319820686,PRJNA272391,SAMN03282236,Metagenome or environmental,180822240,UNIVERSITY OF WISCONSIN - MILWAUKEE,9/23/13,public,"fastq,sra","gs,ncbi,s3","gs.US,ncbi.public,s3.us-east-1",SRX844380,USA,North America,"USA:MI\,Muskegon",Illumina MiSeq,43.223368 N 86.337708 W,SLM_beach_53,PAIRED,PCR,METAGENOMIC,freshwater metagenome,ILLUMINA,2015-01-15T00:00:00Z,not applicable,SRP052297,not applicable,freshwater beaches,not applicable,not applicable,not applicable,not applicable,not applicable,PM_Berm_09_23_13,,,
PM_SUB_8_7_13,MI_PMARQ_SUB1_08_07_13,Muskegon,SRR1761054,AMPLICON,502,163189156,PRJNA272391,SAMN03282237,Metagenome or environmental,93870614,UNIVERSITY OF WISCONSIN - MILWAUKEE,8/7/13,public,"fastq,sra","gs,ncbi,s3","gs.US,ncbi.public,s3.us-east-1",SRX844381,USA,North America,"USA:MI\,Muskegon",Illumina MiSeq,43.223368 N 86.337708 W,SLM_beach_54,PAIRED,PCR,METAGENOMIC,freshwater metagenome,ILLUMINA,2015-01-15T00:00:00Z,not applicable,SRP052297,not applicable,freshwater beaches,not applicable,not applicable,not applicable,not applicable,not applicable,PM_SUB_08_07_13,,,
PM_SUB_9_23_13,MI_PMARQ_SUB1_09_23_13,Muskegon,SRR1761055,AMPLICON,502,238022296,PRJNA272391,SAMN03282238,Metagenome or environmental,134756878,UNIVERSITY OF WISCONSIN - MILWAUKEE,9/23/13,public,"fastq,sra","gs,ncbi,s3","gs.US,ncbi.public,s3.us-east-1",SRX844382,USA,North America,"USA:MI\,Muskegon",Illumina MiSeq,43.223368 N 86.337708 W,SLM_beach_55,PAIRED,PCR,METAGENOMIC,freshwater metagenome,ILLUMINA,2015-01-15T00:00:00Z,not applicable,SRP052297,not applicable,freshwater beaches,not applicable,not applicable,not applicable,not applicable,not applicable,PM_SUB_09_23_13,,,
PM_water_6_11_13,MI_PMARQ1_06_11_13,Muskegon,SRR1761010,AMPLICON,502,36413574,PRJNA272391,SAMN03282193,Metagenome or environmental,23102562,UNIVERSITY OF WISCONSIN - MILWAUKEE,6/11/13,public,"fastq,sra","gs,ncbi,s3","gs.US,ncbi.public,s3.us-east-1",SRX844337,USA,North America,"USA:MI\,Muskegon",Illumina MiSeq,43.223368 N 86.337708 W,SLM_beach_10,PAIRED,PCR,METAGENOMIC,freshwater metagenome,ILLUMINA,2015-01-15T00:00:00Z,not applicable,SRP052297,not applicable,freshwater beaches,not applicable,not applicable,not applicable,not applicable,not applicable,PM_water_06_11_13,,,
PM_water_8_7_13,MI_PMARQ1_08_07_13,Muskegon,SRR1761048,AMPLICON,502,103558082,PRJNA272391,SAMN03282231,Metagenome or environmental,59658678,UNIVERSITY OF WISCONSIN - MILWAUKEE,8/7/13,public,"fastq,sra","gs,ncbi,s3","gs.US,ncbi.public,s3.us-east-1",SRX844375,USA,North America,"USA:MI\,Muskegon",Illumina MiSeq,43.223368 N 86.337708 W,SLM_beach_48,PAIRED,PCR,METAGENOMIC,freshwater metagenome,ILLUMINA,2015-01-15T00:00:00Z,not applicable,SRP052297,not applicable,freshwater beaches,not applicable,not applicable,not applicable,not applicable,not applicable,PM_water_08_07_13,,,
PM_water_9_23_13,MI_PMARQ1_09_23_13_20131216,Muskegon,SRR1761049,AMPLICON,502,123452844,PRJNA272391,SAMN03282232,Metagenome or environmental,77287823,UNIVERSITY OF WISCONSIN - MILWAUKEE,9/23/13,public,"fastq,sra","gs,ncbi,s3","gs.US,ncbi.public,s3.us-east-1",SRX844376,USA,North America,"USA:MI\,Muskegon",Illumina MiSeq,43.223368 N 86.337708 W,SLM_beach_49,PAIRED,PCR,METAGENOMIC,freshwater metagenome,ILLUMINA,2015-01-15T00:00:00Z,not applicable,SRP052297,not applicable,freshwater beaches,not applicable,not applicable,not applicable,not applicable,not applicable,PM_water_09_23_13,,,
PM_water_9_23_13,MI_PMARQ1_09_23_13_20140219,Muskegon,SRR1761049,AMPLICON,502,123452844,PRJNA272391,SAMN03282232,Metagenome or environmental,77287823,UNIVERSITY OF WISCONSIN - MILWAUKEE,9/23/13,public,"fastq,sra","gs,ncbi,s3","gs.US,ncbi.public,s3.us-east-1",SRX844376,USA,North America,"USA:MI\,Muskegon",Illumina MiSeq,43.223368 N 86.337708 W,SLM_beach_49,PAIRED,PCR,METAGENOMIC,freshwater metagenome,ILLUMINA,2015-01-15T00:00:00Z,not applicable,SRP052297,not applicable,freshwater beaches,not applicable,not applicable,not applicable,not applicable,not applicable,PM_water_09_23_13,,,
PM_SUB_8_7_1,MI_PMARQ_SUB1_08_07_1_RE1,Muskegon,,,,,,,,,,,,,,,,,,,,,,,,,,,,,,,,,,,,,,,,
PM_SUB_8_7_1,MI_PMARQ_SUB1_08_07_1_RE2,Muskegon,,,,,,,,,,,,,,,,,,,,,,,,,,,,,,,,,,,,,,,,
PJ_Berm_9_23_13,MI_PJHOFF_Berm1_09_23_13,Muskegon,,,,,,,,,,,,,,,,,,,,,,,,,,,,,,,,,,,,,,,,