Run,Assay Type,AvgSpotLen,Bases,BioProject,BioSample,BioSampleModel,Bytes,Center Name,Collection_date,Consent,DATASTORE filetype,DATASTORE provider,DATASTORE region,Experiment,geo_loc_name_country,geo_loc_name_country_continent,geo_loc_name,Instrument,Isolation_source,lat_lon,Library Name,LibraryLayout,LibrarySelection,LibrarySource,Organism,Platform,ReleaseDate,Sample Name,SRA Study,samp_collect_device,samp_mat_process,samp_size
SRR12715912,AMPLICON,501,64030192,PRJNA665728,SAMN16265591,Metagenome or environmental,36022496,UNIVERSITY OF WISCONSIN-MILWAUKEE,6/1/17,public,"fastq,sra","gs,ncbi,s3","gs.US,ncbi.public,s3.us-east-1",SRX9194731,USA,North America,USA: Wisconsin,Illumina MiSeq,surface water,43.50703 N 88.20221 W,NL00112,PAIRED,PCR,GENOMIC,aquatic metagenome,ILLUMINA,2020-09-27T00:00:00Z,NL00112,SRP285439,grab,vacuum filtration through 47-mm diameter 0.22-µm pore size mixed cellulose ester filter,250 mL
SRR12715914,AMPLICON,501,82532037,PRJNA665728,SAMN16265590,Metagenome or environmental,45513682,UNIVERSITY OF WISCONSIN-MILWAUKEE,6/1/17,public,"fastq,sra","gs,ncbi,s3","gs.US,ncbi.public,s3.us-east-1",SRX9194729,USA,North America,USA: Wisconsin,Illumina MiSeq,surface water,43.590572 N 88.05042 W,NL00110,PAIRED,PCR,GENOMIC,aquatic metagenome,ILLUMINA,2020-09-27T00:00:00Z,NL00110,SRP285439,grab,vacuum filtration through 47-mm diameter 0.22-µm pore size mixed cellulose ester filter,250 mL
SRR12715915,AMPLICON,501,62294284,PRJNA665728,SAMN16265661,Metagenome or environmental,35207786,UNIVERSITY OF WISCONSIN-MILWAUKEE,8/17/17,public,"fastq,sra","gs,ncbi,s3","gs.US,ncbi.public,s3.us-east-1",SRX9194728,USA,North America,USA: Wisconsin,Illumina MiSeq,surface water,43.16242 N 87.93145 W,NL00323,PAIRED,PCR,GENOMIC,aquatic metagenome,ILLUMINA,2020-09-27T00:00:00Z,NL00323,SRP285439,grab,vacuum filtration through 47-mm diameter 0.22-µm pore size mixed cellulose ester filter,250 mL
SRR12715916,AMPLICON,501,82091874,PRJNA665728,SAMN16265660,Metagenome or environmental,44693667,UNIVERSITY OF WISCONSIN-MILWAUKEE,8/17/17,public,"fastq,sra","gs,ncbi,s3","gs.US,ncbi.public,s3.us-east-1",SRX9194727,USA,North America,USA: Wisconsin,Illumina MiSeq,surface water,43.26544 N 87.93427 W,NL00322,PAIRED,PCR,GENOMIC,aquatic metagenome,ILLUMINA,2020-09-27T00:00:00Z,NL00322,SRP285439,grab,vacuum filtration through 47-mm diameter 0.22-µm pore size mixed cellulose ester filter,250 mL
SRR12715917,AMPLICON,501,76934318,PRJNA665728,SAMN16265659,Metagenome or environmental,43377079,UNIVERSITY OF WISCONSIN-MILWAUKEE,8/17/17,public,"fastq,sra","gs,ncbi,s3","gs.US,ncbi.public,s3.us-east-1",SRX9194726,USA,North America,USA: Wisconsin,Illumina MiSeq,surface water,43.233696 N 87.98552 W,NL00321,PAIRED,PCR,GENOMIC,aquatic metagenome,ILLUMINA,2020-09-27T00:00:00Z,NL00321,SRP285439,grab,vacuum filtration through 47-mm diameter 0.22-µm pore size mixed cellulose ester filter,250 mL
SRR12715918,AMPLICON,501,37899407,PRJNA665728,SAMN16265658,Metagenome or environmental,21982260,UNIVERSITY OF WISCONSIN-MILWAUKEE,8/17/17,public,"fastq,sra","gs,ncbi,s3","gs.US,ncbi.public,s3.us-east-1",SRX9194725,USA,North America,USA: Wisconsin,Illumina MiSeq,surface water,43.348984 N 87.9656 W,NL00320,PAIRED,PCR,GENOMIC,aquatic metagenome,ILLUMINA,2020-09-27T00:00:00Z,NL00320,SRP285439,grab,vacuum filtration through 47-mm diameter 0.22-µm pore size mixed cellulose ester filter,250 mL
SRR12715919,AMPLICON,501,42757238,PRJNA665728,SAMN16265657,Metagenome or environmental,24464305,UNIVERSITY OF WISCONSIN-MILWAUKEE,8/17/17,public,"fastq,sra","gs,ncbi,s3","gs.US,ncbi.public,s3.us-east-1",SRX9194724,USA,North America,USA: Wisconsin,Illumina MiSeq,surface water,43.33829 N 88.003296 W,NL00319,PAIRED,PCR,GENOMIC,aquatic metagenome,ILLUMINA,2020-09-27T00:00:00Z,NL00319,SRP285439,grab,vacuum filtration through 47-mm diameter 0.22-µm pore size mixed cellulose ester filter,250 mL
SRR12715920,AMPLICON,501,65737376,PRJNA665728,SAMN16265656,Metagenome or environmental,37078951,UNIVERSITY OF WISCONSIN-MILWAUKEE,8/17/17,public,"fastq,sra","gs,ncbi,s3","gs.US,ncbi.public,s3.us-east-1",SRX9194723,USA,North America,USA: Wisconsin,Illumina MiSeq,surface water,43.439926 N 88.02636 W,NL00318,PAIRED,PCR,GENOMIC,aquatic metagenome,ILLUMINA,2020-09-27T00:00:00Z,NL00318,SRP285439,grab,vacuum filtration through 47-mm diameter 0.22-µm pore size mixed cellulose ester filter,250 mL
SRR12715921,AMPLICON,501,54098199,PRJNA665728,SAMN16265655,Metagenome or environmental,30626849,UNIVERSITY OF WISCONSIN-MILWAUKEE,8/17/17,public,"fastq,sra","gs,ncbi,s3","gs.US,ncbi.public,s3.us-east-1",SRX9194722,USA,North America,USA: Wisconsin,Illumina MiSeq,surface water,43.50703 N 88.20221 W,NL00317,PAIRED,PCR,GENOMIC,aquatic metagenome,ILLUMINA,2020-09-27T00:00:00Z,NL00317,SRP285439,grab,vacuum filtration through 47-mm diameter 0.22-µm pore size mixed cellulose ester filter,250 mL
SRR12715922,AMPLICON,501,62644853,PRJNA665728,SAMN16265654,Metagenome or environmental,34485797,UNIVERSITY OF WISCONSIN-MILWAUKEE,8/17/17,public,"fastq,sra","gs,ncbi,s3","gs.US,ncbi.public,s3.us-east-1",SRX9194721,USA,North America,USA: Wisconsin,Illumina MiSeq,surface water,43.53914 N 88.28139 W,NL00316,PAIRED,PCR,GENOMIC,aquatic metagenome,ILLUMINA,2020-09-27T00:00:00Z,NL00316,SRP285439,grab,vacuum filtration through 47-mm diameter 0.22-µm pore size mixed cellulose ester filter,250 mL
SRR12715923,AMPLICON,501,62660502,PRJNA665728,SAMN16265653,Metagenome or environmental,34412683,UNIVERSITY OF WISCONSIN-MILWAUKEE,8/17/17,public,"fastq,sra","gs,ncbi,s3","gs.US,ncbi.public,s3.us-east-1",SRX9194720,USA,North America,USA: Wisconsin,Illumina MiSeq,surface water,43.590572 N 88.05042 W,NL00315,PAIRED,PCR,GENOMIC,aquatic metagenome,ILLUMINA,2020-09-27T00:00:00Z,NL00315,SRP285439,grab,vacuum filtration through 47-mm diameter 0.22-µm pore size mixed cellulose ester filter,250 mL
SRR12715924,AMPLICON,501,65266528,PRJNA665728,SAMN16265652,Metagenome or environmental,35764416,UNIVERSITY OF WISCONSIN-MILWAUKEE,8/17/17,public,"fastq,sra","gs,ncbi,s3","gs.US,ncbi.public,s3.us-east-1",SRX9194719,USA,North America,USA: Wisconsin,Illumina MiSeq,surface water,43.686623 N 88.03359 W,NL00314,PAIRED,PCR,GENOMIC,aquatic metagenome,ILLUMINA,2020-09-27T00:00:00Z,NL00314,SRP285439,grab,vacuum filtration through 47-mm diameter 0.22-µm pore size mixed cellulose ester filter,250 mL
SRR12715925,AMPLICON,501,69823526,PRJNA665728,SAMN16265589,Metagenome or environmental,38494253,UNIVERSITY OF WISCONSIN-MILWAUKEE,6/1/17,public,"fastq,sra","gs,ncbi,s3","gs.US,ncbi.public,s3.us-east-1",SRX9194718,USA,North America,USA: Wisconsin,Illumina MiSeq,surface water,43.686623 N 88.03359 W,NL00109,PAIRED,PCR,GENOMIC,aquatic metagenome,ILLUMINA,2020-09-27T00:00:00Z,NL00109,SRP285439,grab,vacuum filtration through 47-mm diameter 0.22-µm pore size mixed cellulose ester filter,250 mL
SRR12715926,AMPLICON,501,69828637,PRJNA665728,SAMN16265651,Metagenome or environmental,38597254,UNIVERSITY OF WISCONSIN-MILWAUKEE,8/17/17,public,"fastq,sra","gs,ncbi,s3","gs.US,ncbi.public,s3.us-east-1",SRX9194717,USA,North America,USA: Wisconsin,Illumina MiSeq,surface water,42.99737 N 87.92616 W,NL00313,PAIRED,PCR,GENOMIC,aquatic metagenome,ILLUMINA,2020-09-27T00:00:00Z,NL00313,SRP285439,grab,vacuum filtration through 47-mm diameter 0.22-µm pore size mixed cellulose ester filter,250 mL
SRR12715927,AMPLICON,501,83563852,PRJNA665728,SAMN16265650,Metagenome or environmental,46349205,UNIVERSITY OF WISCONSIN-MILWAUKEE,8/17/17,public,"fastq,sra","gs,ncbi,s3","gs.US,ncbi.public,s3.us-east-1",SRX9194716,USA,North America,USA: Wisconsin,Illumina MiSeq,surface water,42.97271 N 87.940094 W,NL00312,PAIRED,PCR,GENOMIC,aquatic metagenome,ILLUMINA,2020-09-27T00:00:00Z,NL00312,SRP285439,grab,vacuum filtration through 47-mm diameter 0.22-µm pore size mixed cellulose ester filter,250 mL
SRR12715928,AMPLICON,501,63088152,PRJNA665728,SAMN16265649,Metagenome or environmental,34583991,UNIVERSITY OF WISCONSIN-MILWAUKEE,8/17/17,public,"fastq,sra","gs,ncbi,s3","gs.US,ncbi.public,s3.us-east-1",SRX9194715,USA,North America,USA: Wisconsin,Illumina MiSeq,surface water,43.0505 N 88.04671 W,NL00311,PAIRED,PCR,GENOMIC,aquatic metagenome,ILLUMINA,2020-09-27T00:00:00Z,NL00311,SRP285439,grab,vacuum filtration through 47-mm diameter 0.22-µm pore size mixed cellulose ester filter,250 mL
SRR12715929,AMPLICON,501,81743731,PRJNA665728,SAMN16265648,Metagenome or environmental,45512488,UNIVERSITY OF WISCONSIN-MILWAUKEE,8/17/17,public,"fastq,sra","gs,ncbi,s3","gs.US,ncbi.public,s3.us-east-1",SRX9194714,USA,North America,USA: Wisconsin,Illumina MiSeq,surface water,43.12353 N 88.043434 W,NL00310,PAIRED,PCR,GENOMIC,aquatic metagenome,ILLUMINA,2020-09-27T00:00:00Z,NL00310,SRP285439,grab,vacuum filtration through 47-mm diameter 0.22-µm pore size mixed cellulose ester filter,250 mL
SRR12715930,AMPLICON,501,77956349,PRJNA665728,SAMN16265647,Metagenome or environmental,43720063,UNIVERSITY OF WISCONSIN-MILWAUKEE,8/17/17,public,"fastq,sra","gs,ncbi,s3","gs.US,ncbi.public,s3.us-east-1",SRX9194713,USA,North America,USA: Wisconsin,Illumina MiSeq,surface water,43.16278 N 88.06054 W,NL00309,PAIRED,PCR,GENOMIC,aquatic metagenome,ILLUMINA,2020-09-27T00:00:00Z,NL00309,SRP285439,grab,vacuum filtration through 47-mm diameter 0.22-µm pore size mixed cellulose ester filter,250 mL
SRR12715931,AMPLICON,501,42959428,PRJNA665728,SAMN16265646,Metagenome or environmental,24827645,UNIVERSITY OF WISCONSIN-MILWAUKEE,8/17/17,public,"fastq,sra","gs,ncbi,s3","gs.US,ncbi.public,s3.us-east-1",SRX9194712,USA,North America,USA: Wisconsin,Illumina MiSeq,surface water,43.2067 N 88.142746 W,NL00308,PAIRED,PCR,GENOMIC,aquatic metagenome,ILLUMINA,2020-09-27T00:00:00Z,NL00308,SRP285439,grab,vacuum filtration through 47-mm diameter 0.22-µm pore size mixed cellulose ester filter,250 mL
SRR12715932,AMPLICON,501,49097435,PRJNA665728,SAMN16265645,Metagenome or environmental,28377902,UNIVERSITY OF WISCONSIN-MILWAUKEE,8/9/17,public,"fastq,sra","gs,ncbi,s3","gs.US,ncbi.public,s3.us-east-1",SRX9194711,USA,North America,USA: Wisconsin,Illumina MiSeq,surface water,43.16242 N 87.93145 W,NL00305,PAIRED,PCR,GENOMIC,aquatic metagenome,ILLUMINA,2020-09-27T00:00:00Z,NL00305,SRP285439,grab,vacuum filtration through 47-mm diameter 0.22-µm pore size mixed cellulose ester filter,250 mL
SRR12715933,AMPLICON,501,57182897,PRJNA665728,SAMN16265644,Metagenome or environmental,31831815,UNIVERSITY OF WISCONSIN-MILWAUKEE,8/9/17,public,"fastq,sra","gs,ncbi,s3","gs.US,ncbi.public,s3.us-east-1",SRX9194710,USA,North America,USA: Wisconsin,Illumina MiSeq,surface water,43.26544 N 87.93427 W,NL00304,PAIRED,PCR,GENOMIC,aquatic metagenome,ILLUMINA,2020-09-27T00:00:00Z,NL00304,SRP285439,grab,vacuum filtration through 47-mm diameter 0.22-µm pore size mixed cellulose ester filter,250 mL
SRR12715934,AMPLICON,501,72648871,PRJNA665728,SAMN16265643,Metagenome or environmental,39383501,UNIVERSITY OF WISCONSIN-MILWAUKEE,8/9/17,public,"fastq,sra","gs,ncbi,s3","gs.US,ncbi.public,s3.us-east-1",SRX9194709,USA,North America,USA: Wisconsin,Illumina MiSeq,surface water,43.233696 N 87.98552 W,NL00303,PAIRED,PCR,GENOMIC,aquatic metagenome,ILLUMINA,2020-09-27T00:00:00Z,NL00303,SRP285439,grab,vacuum filtration through 47-mm diameter 0.22-µm pore size mixed cellulose ester filter,250 mL
SRR12715935,AMPLICON,501,60620320,PRJNA665728,SAMN16265642,Metagenome or environmental,34328049,UNIVERSITY OF WISCONSIN-MILWAUKEE,8/9/17,public,"fastq,sra","gs,ncbi,s3","gs.US,ncbi.public,s3.us-east-1",SRX9194708,USA,North America,USA: Wisconsin,Illumina MiSeq,surface water,43.348984 N 87.9656 W,NL00302,PAIRED,PCR,GENOMIC,aquatic metagenome,ILLUMINA,2020-09-27T00:00:00Z,NL00302,SRP285439,grab,vacuum filtration through 47-mm diameter 0.22-µm pore size mixed cellulose ester filter,250 mL
SRR12715936,AMPLICON,501,61013264,PRJNA665728,SAMN16265588,Metagenome or environmental,32861388,UNIVERSITY OF WISCONSIN-MILWAUKEE,6/1/17,public,"fastq,sra","gs,ncbi,s3","gs.US,ncbi.public,s3.us-east-1",SRX9194707,USA,North America,USA: Wisconsin,Illumina MiSeq,surface water,42.99737 N 87.92616 W,NL00108,PAIRED,PCR,GENOMIC,aquatic metagenome,ILLUMINA,2020-09-27T00:00:00Z,NL00108,SRP285439,grab,vacuum filtration through 47-mm diameter 0.22-µm pore size mixed cellulose ester filter,250 mL
SRR12715937,AMPLICON,501,89348793,PRJNA665728,SAMN16265641,Metagenome or environmental,49135156,UNIVERSITY OF WISCONSIN-MILWAUKEE,8/9/17,public,"fastq,sra","gs,ncbi,s3","gs.US,ncbi.public,s3.us-east-1",SRX9194706,USA,North America,USA: Wisconsin,Illumina MiSeq,surface water,43.33829 N 88.003296 W,NL00301,PAIRED,PCR,GENOMIC,aquatic metagenome,ILLUMINA,2020-09-27T00:00:00Z,NL00301,SRP285439,grab,vacuum filtration through 47-mm diameter 0.22-µm pore size mixed cellulose ester filter,250 mL
SRR12715938,AMPLICON,501,79225663,PRJNA665728,SAMN16265640,Metagenome or environmental,43632274,UNIVERSITY OF WISCONSIN-MILWAUKEE,8/9/17,public,"fastq,sra","gs,ncbi,s3","gs.US,ncbi.public,s3.us-east-1",SRX9194705,USA,North America,USA: Wisconsin,Illumina MiSeq,surface water,43.439926 N 88.02636 W,NL00300,PAIRED,PCR,GENOMIC,aquatic metagenome,ILLUMINA,2020-09-27T00:00:00Z,NL00300,SRP285439,grab,vacuum filtration through 47-mm diameter 0.22-µm pore size mixed cellulose ester filter,250 mL
SRR12715939,AMPLICON,501,85402501,PRJNA665728,SAMN16265639,Metagenome or environmental,47940083,UNIVERSITY OF WISCONSIN-MILWAUKEE,8/9/17,public,"fastq,sra","gs,ncbi,s3","gs.US,ncbi.public,s3.us-east-1",SRX9194704,USA,North America,USA: Wisconsin,Illumina MiSeq,surface water,43.50703 N 88.20221 W,NL00299,PAIRED,PCR,GENOMIC,aquatic metagenome,ILLUMINA,2020-09-27T00:00:00Z,NL00299,SRP285439,grab,vacuum filtration through 47-mm diameter 0.22-µm pore size mixed cellulose ester filter,250 mL
SRR12715940,AMPLICON,501,64823221,PRJNA665728,SAMN16265638,Metagenome or environmental,35192907,UNIVERSITY OF WISCONSIN-MILWAUKEE,8/9/17,public,"fastq,sra","gs,ncbi,s3","gs.US,ncbi.public,s3.us-east-1",SRX9194703,USA,North America,USA: Wisconsin,Illumina MiSeq,surface water,43.53914 N 88.28139 W,NL00298,PAIRED,PCR,GENOMIC,aquatic metagenome,ILLUMINA,2020-09-27T00:00:00Z,NL00298,SRP285439,grab,vacuum filtration through 47-mm diameter 0.22-µm pore size mixed cellulose ester filter,250 mL
SRR12715941,AMPLICON,501,52424290,PRJNA665728,SAMN16265637,Metagenome or environmental,32175432,UNIVERSITY OF WISCONSIN-MILWAUKEE,8/9/17,public,"fastq,sra","gs,ncbi,s3","gs.US,ncbi.public,s3.us-east-1",SRX9194702,USA,North America,USA: Wisconsin,Illumina MiSeq,surface water,43.590572 N 88.05042 W,NL00297,PAIRED,PCR,GENOMIC,aquatic metagenome,ILLUMINA,2020-09-27T00:00:00Z,NL00297,SRP285439,grab,vacuum filtration through 47-mm diameter 0.22-µm pore size mixed cellulose ester filter,250 mL
SRR12715942,AMPLICON,501,72897294,PRJNA665728,SAMN16265636,Metagenome or environmental,40107279,UNIVERSITY OF WISCONSIN-MILWAUKEE,8/9/17,public,"fastq,sra","gs,ncbi,s3","gs.US,ncbi.public,s3.us-east-1",SRX9194701,USA,North America,USA: Wisconsin,Illumina MiSeq,surface water,43.686623 N 88.03359 W,NL00296,PAIRED,PCR,GENOMIC,aquatic metagenome,ILLUMINA,2020-09-27T00:00:00Z,NL00296,SRP285439,grab,vacuum filtration through 47-mm diameter 0.22-µm pore size mixed cellulose ester filter,250 mL
SRR12715943,AMPLICON,501,97504676,PRJNA665728,SAMN16265635,Metagenome or environmental,52923987,UNIVERSITY OF WISCONSIN-MILWAUKEE,8/9/17,public,"fastq,sra","gs,ncbi,s3","gs.US,ncbi.public,s3.us-east-1",SRX9194700,USA,North America,USA: Wisconsin,Illumina MiSeq,surface water,42.99737 N 87.92616 W,NL00295,PAIRED,PCR,GENOMIC,aquatic metagenome,ILLUMINA,2020-09-27T00:00:00Z,NL00295,SRP285439,grab,vacuum filtration through 47-mm diameter 0.22-µm pore size mixed cellulose ester filter,250 mL
SRR12715944,AMPLICON,501,95795210,PRJNA665728,SAMN16265634,Metagenome or environmental,51917848,UNIVERSITY OF WISCONSIN-MILWAUKEE,8/9/17,public,"fastq,sra","gs,ncbi,s3","gs.US,ncbi.public,s3.us-east-1",SRX9194699,USA,North America,USA: Wisconsin,Illumina MiSeq,surface water,42.97271 N 87.940094 W,NL00294,PAIRED,PCR,GENOMIC,aquatic metagenome,ILLUMINA,2020-09-27T00:00:00Z,NL00294,SRP285439,grab,vacuum filtration through 47-mm diameter 0.22-µm pore size mixed cellulose ester filter,250 mL
SRR12715945,AMPLICON,501,68016985,PRJNA665728,SAMN16265633,Metagenome or environmental,37899764,UNIVERSITY OF WISCONSIN-MILWAUKEE,8/9/17,public,"fastq,sra","gs,ncbi,s3","gs.US,ncbi.public,s3.us-east-1",SRX9194698,USA,North America,USA: Wisconsin,Illumina MiSeq,surface water,43.0505 N 88.04671 W,NL00293,PAIRED,PCR,GENOMIC,aquatic metagenome,ILLUMINA,2020-09-27T00:00:00Z,NL00293,SRP285439,grab,vacuum filtration through 47-mm diameter 0.22-µm pore size mixed cellulose ester filter,250 mL
SRR12715946,AMPLICON,501,66126321,PRJNA665728,SAMN16265632,Metagenome or environmental,36809504,UNIVERSITY OF WISCONSIN-MILWAUKEE,8/9/17,public,"fastq,sra","gs,ncbi,s3","gs.US,ncbi.public,s3.us-east-1",SRX9194697,USA,North America,USA: Wisconsin,Illumina MiSeq,surface water,43.12353 N 88.043434 W,NL00292,PAIRED,PCR,GENOMIC,aquatic metagenome,ILLUMINA,2020-09-27T00:00:00Z,NL00292,SRP285439,grab,vacuum filtration through 47-mm diameter 0.22-µm pore size mixed cellulose ester filter,250 mL
SRR12715947,AMPLICON,501,73016017,PRJNA665728,SAMN16265587,Metagenome or environmental,40893618,UNIVERSITY OF WISCONSIN-MILWAUKEE,6/1/17,public,"fastq,sra","gs,ncbi,s3","gs.US,ncbi.public,s3.us-east-1",SRX9194696,USA,North America,USA: Wisconsin,Illumina MiSeq,surface water,42.97271 N 87.940094 W,NL00107,PAIRED,PCR,GENOMIC,aquatic metagenome,ILLUMINA,2020-09-27T00:00:00Z,NL00107,SRP285439,grab,vacuum filtration through 47-mm diameter 0.22-µm pore size mixed cellulose ester filter,250 mL
SRR12715948,AMPLICON,501,75888394,PRJNA665728,SAMN16265631,Metagenome or environmental,42169656,UNIVERSITY OF WISCONSIN-MILWAUKEE,8/9/17,public,"fastq,sra","gs,ncbi,s3","gs.US,ncbi.public,s3.us-east-1",SRX9194695,USA,North America,USA: Wisconsin,Illumina MiSeq,surface water,43.16278 N 88.06054 W,NL00291,PAIRED,PCR,GENOMIC,aquatic metagenome,ILLUMINA,2020-09-27T00:00:00Z,NL00291,SRP285439,grab,vacuum filtration through 47-mm diameter 0.22-µm pore size mixed cellulose ester filter,250 mL
SRR12715949,AMPLICON,501,82771545,PRJNA665728,SAMN16265630,Metagenome or environmental,45759298,UNIVERSITY OF WISCONSIN-MILWAUKEE,8/9/17,public,"fastq,sra","gs,ncbi,s3","gs.US,ncbi.public,s3.us-east-1",SRX9194694,USA,North America,USA: Wisconsin,Illumina MiSeq,surface water,43.2067 N 88.142746 W,NL00290,PAIRED,PCR,GENOMIC,aquatic metagenome,ILLUMINA,2020-09-27T00:00:00Z,NL00290,SRP285439,grab,vacuum filtration through 47-mm diameter 0.22-µm pore size mixed cellulose ester filter,250 mL
SRR12715950,AMPLICON,501,84902738,PRJNA665728,SAMN16265629,Metagenome or environmental,47143947,UNIVERSITY OF WISCONSIN-MILWAUKEE,7/17/17,public,"fastq,sra","gs,ncbi,s3","gs.US,ncbi.public,s3.us-east-1",SRX9194693,USA,North America,USA: Wisconsin,Illumina MiSeq,surface water,43.16242 N 87.93145 W,NL00227,PAIRED,PCR,GENOMIC,aquatic metagenome,ILLUMINA,2020-09-27T00:00:00Z,NL00227,SRP285439,grab,vacuum filtration through 47-mm diameter 0.22-µm pore size mixed cellulose ester filter,250 mL
SRR12715951,AMPLICON,501,79559617,PRJNA665728,SAMN16265628,Metagenome or environmental,44306460,UNIVERSITY OF WISCONSIN-MILWAUKEE,7/17/17,public,"fastq,sra","gs,ncbi,s3","gs.US,ncbi.public,s3.us-east-1",SRX9194692,USA,North America,USA: Wisconsin,Illumina MiSeq,surface water,43.26544 N 87.93427 W,NL00226,PAIRED,PCR,GENOMIC,aquatic metagenome,ILLUMINA,2020-09-27T00:00:00Z,NL00226,SRP285439,grab,vacuum filtration through 47-mm diameter 0.22-µm pore size mixed cellulose ester filter,250 mL
SRR12715952,AMPLICON,501,67407098,PRJNA665728,SAMN16265627,Metagenome or environmental,37162822,UNIVERSITY OF WISCONSIN-MILWAUKEE,7/17/17,public,"fastq,sra","gs,ncbi,s3","gs.US,ncbi.public,s3.us-east-1",SRX9194691,USA,North America,USA: Wisconsin,Illumina MiSeq,surface water,43.233696 N 87.98552 W,NL00225,PAIRED,PCR,GENOMIC,aquatic metagenome,ILLUMINA,2020-09-27T00:00:00Z,NL00225,SRP285439,grab,vacuum filtration through 47-mm diameter 0.22-µm pore size mixed cellulose ester filter,250 mL
SRR12715953,AMPLICON,501,50812560,PRJNA665728,SAMN16265626,Metagenome or environmental,27788564,UNIVERSITY OF WISCONSIN-MILWAUKEE,7/17/17,public,"fastq,sra","gs,ncbi,s3","gs.US,ncbi.public,s3.us-east-1",SRX9194690,USA,North America,USA: Wisconsin,Illumina MiSeq,surface water,43.348984 N 87.9656 W,NL00224,PAIRED,PCR,GENOMIC,aquatic metagenome,ILLUMINA,2020-09-27T00:00:00Z,NL00224,SRP285439,grab,vacuum filtration through 47-mm diameter 0.22-µm pore size mixed cellulose ester filter,250 mL
SRR12715954,AMPLICON,501,28449388,PRJNA665728,SAMN16265625,Metagenome or environmental,16086019,UNIVERSITY OF WISCONSIN-MILWAUKEE,7/17/17,public,"fastq,sra","gs,ncbi,s3","gs.US,ncbi.public,s3.us-east-1",SRX9194689,USA,North America,USA: Wisconsin,Illumina MiSeq,surface water,43.33829 N 88.003296 W,NL00223,PAIRED,PCR,GENOMIC,aquatic metagenome,ILLUMINA,2020-09-27T00:00:00Z,NL00223,SRP285439,grab,vacuum filtration through 47-mm diameter 0.22-µm pore size mixed cellulose ester filter,250 mL
SRR12715955,AMPLICON,501,52074663,PRJNA665728,SAMN16265624,Metagenome or environmental,27469749,UNIVERSITY OF WISCONSIN-MILWAUKEE,7/17/17,public,"fastq,sra","gs,ncbi,s3","gs.US,ncbi.public,s3.us-east-1",SRX9194688,USA,North America,USA: Wisconsin,Illumina MiSeq,surface water,43.439926 N 88.02636 W,NL00222,PAIRED,PCR,GENOMIC,aquatic metagenome,ILLUMINA,2020-09-27T00:00:00Z,NL00222,SRP285439,grab,vacuum filtration through 47-mm diameter 0.22-µm pore size mixed cellulose ester filter,250 mL
SRR12715956,AMPLICON,501,70170256,PRJNA665728,SAMN16265623,Metagenome or environmental,38486843,UNIVERSITY OF WISCONSIN-MILWAUKEE,7/17/17,public,"fastq,sra","gs,ncbi,s3","gs.US,ncbi.public,s3.us-east-1",SRX9194687,USA,North America,USA: Wisconsin,Illumina MiSeq,surface water,43.50703 N 88.20221 W,NL00221,PAIRED,PCR,GENOMIC,aquatic metagenome,ILLUMINA,2020-09-27T00:00:00Z,NL00221,SRP285439,grab,vacuum filtration through 47-mm diameter 0.22-µm pore size mixed cellulose ester filter,250 mL
SRR12715957,AMPLICON,501,61553626,PRJNA665728,SAMN16265622,Metagenome or environmental,35196954,UNIVERSITY OF WISCONSIN-MILWAUKEE,7/17/17,public,"fastq,sra","gs,ncbi,s3","gs.US,ncbi.public,s3.us-east-1",SRX9194686,USA,North America,USA: Wisconsin,Illumina MiSeq,surface water,43.53914 N 88.28139 W,NL00220,PAIRED,PCR,GENOMIC,aquatic metagenome,ILLUMINA,2020-09-27T00:00:00Z,NL00220,SRP285439,grab,vacuum filtration through 47-mm diameter 0.22-µm pore size mixed cellulose ester filter,250 mL
SRR12715958,AMPLICON,501,58107332,PRJNA665728,SAMN16265586,Metagenome or environmental,32979952,UNIVERSITY OF WISCONSIN-MILWAUKEE,6/1/17,public,"fastq,sra","gs,ncbi,s3","gs.US,ncbi.public,s3.us-east-1",SRX9194685,USA,North America,USA: Wisconsin,Illumina MiSeq,surface water,43.0505 N 88.04671 W,NL00106,PAIRED,PCR,GENOMIC,aquatic metagenome,ILLUMINA,2020-09-27T00:00:00Z,NL00106,SRP285439,grab,vacuum filtration through 47-mm diameter 0.22-µm pore size mixed cellulose ester filter,250 mL
SRR12715959,AMPLICON,501,51646197,PRJNA665728,SAMN16265621,Metagenome or environmental,28716818,UNIVERSITY OF WISCONSIN-MILWAUKEE,7/17/17,public,"fastq,sra","gs,ncbi,s3","gs.US,ncbi.public,s3.us-east-1",SRX9194684,USA,North America,USA: Wisconsin,Illumina MiSeq,surface water,43.590572 N 88.05042 W,NL00219,PAIRED,PCR,GENOMIC,aquatic metagenome,ILLUMINA,2020-09-27T00:00:00Z,NL00219,SRP285439,grab,vacuum filtration through 47-mm diameter 0.22-µm pore size mixed cellulose ester filter,250 mL
SRR12715960,AMPLICON,501,50571108,PRJNA665728,SAMN16265620,Metagenome or environmental,26884220,UNIVERSITY OF WISCONSIN-MILWAUKEE,7/17/17,public,"fastq,sra","gs,ncbi,s3","gs.US,ncbi.public,s3.us-east-1",SRX9194683,USA,North America,USA: Wisconsin,Illumina MiSeq,surface water,43.686623 N 88.03359 W,NL00218,PAIRED,PCR,GENOMIC,aquatic metagenome,ILLUMINA,2020-09-27T00:00:00Z,NL00218,SRP285439,grab,vacuum filtration through 47-mm diameter 0.22-µm pore size mixed cellulose ester filter,250 mL
SRR12715961,AMPLICON,501,64622852,PRJNA665728,SAMN16265619,Metagenome or environmental,34768567,UNIVERSITY OF WISCONSIN-MILWAUKEE,7/17/17,public,"fastq,sra","gs,ncbi,s3","gs.US,ncbi.public,s3.us-east-1",SRX9194682,USA,North America,USA: Wisconsin,Illumina MiSeq,surface water,42.99737 N 87.92616 W,NL00217,PAIRED,PCR,GENOMIC,aquatic metagenome,ILLUMINA,2020-09-27T00:00:00Z,NL00217,SRP285439,grab,vacuum filtration through 47-mm diameter 0.22-µm pore size mixed cellulose ester filter,250 mL
SRR12715962,AMPLICON,501,61361916,PRJNA665728,SAMN16265618,Metagenome or environmental,33008839,UNIVERSITY OF WISCONSIN-MILWAUKEE,7/17/17,public,"fastq,sra","gs,ncbi,s3","gs.US,ncbi.public,s3.us-east-1",SRX9194681,USA,North America,USA: Wisconsin,Illumina MiSeq,surface water,42.97271 N 87.940094 W,NL00216,PAIRED,PCR,GENOMIC,aquatic metagenome,ILLUMINA,2020-09-27T00:00:00Z,NL00216,SRP285439,grab,vacuum filtration through 47-mm diameter 0.22-µm pore size mixed cellulose ester filter,250 mL
SRR12715963,AMPLICON,501,67907217,PRJNA665728,SAMN16265617,Metagenome or environmental,37936662,UNIVERSITY OF WISCONSIN-MILWAUKEE,7/17/17,public,"fastq,sra","gs,ncbi,s3","gs.US,ncbi.public,s3.us-east-1",SRX9194680,USA,North America,USA: Wisconsin,Illumina MiSeq,surface water,43.0505 N 88.04671 W,NL00215,PAIRED,PCR,GENOMIC,aquatic metagenome,ILLUMINA,2020-09-27T00:00:00Z,NL00215,SRP285439,grab,vacuum filtration through 47-mm diameter 0.22-µm pore size mixed cellulose ester filter,250 mL
SRR12715964,AMPLICON,501,57963944,PRJNA665728,SAMN16265616,Metagenome or environmental,31248303,UNIVERSITY OF WISCONSIN-MILWAUKEE,7/17/17,public,"fastq,sra","gs,ncbi,s3","gs.US,ncbi.public,s3.us-east-1",SRX9194679,USA,North America,USA: Wisconsin,Illumina MiSeq,surface water,43.12353 N 88.043434 W,NL00214,PAIRED,PCR,GENOMIC,aquatic metagenome,ILLUMINA,2020-09-27T00:00:00Z,NL00214,SRP285439,grab,vacuum filtration through 47-mm diameter 0.22-µm pore size mixed cellulose ester filter,250 mL
SRR12715965,AMPLICON,501,43875217,PRJNA665728,SAMN16265615,Metagenome or environmental,25516810,UNIVERSITY OF WISCONSIN-MILWAUKEE,7/17/17,public,"fastq,sra","gs,ncbi,s3","gs.US,ncbi.public,s3.us-east-1",SRX9194678,USA,North America,USA: Wisconsin,Illumina MiSeq,surface water,43.16278 N 88.06054 W,NL00213,PAIRED,PCR,GENOMIC,aquatic metagenome,ILLUMINA,2020-09-27T00:00:00Z,NL00213,SRP285439,grab,vacuum filtration through 47-mm diameter 0.22-µm pore size mixed cellulose ester filter,250 mL
SRR12715966,AMPLICON,501,49084453,PRJNA665728,SAMN16265614,Metagenome or environmental,26869269,UNIVERSITY OF WISCONSIN-MILWAUKEE,7/17/17,public,"fastq,sra","gs,ncbi,s3","gs.US,ncbi.public,s3.us-east-1",SRX9194677,USA,North America,USA: Wisconsin,Illumina MiSeq,surface water,43.2067 N 88.142746 W,NL00212,PAIRED,PCR,GENOMIC,aquatic metagenome,ILLUMINA,2020-09-27T00:00:00Z,NL00212,SRP285439,grab,vacuum filtration through 47-mm diameter 0.22-µm pore size mixed cellulose ester filter,250 mL
SRR12715967,AMPLICON,501,90812477,PRJNA665728,SAMN16265613,Metagenome or environmental,50297541,UNIVERSITY OF WISCONSIN-MILWAUKEE,6/28/17,public,"fastq,sra","gs,ncbi,s3","gs.US,ncbi.public,s3.us-east-1",SRX9194676,USA,North America,USA: Wisconsin,Illumina MiSeq,surface water,43.16242 N 87.93145 W,NL00177,PAIRED,PCR,GENOMIC,aquatic metagenome,ILLUMINA,2020-09-27T00:00:00Z,NL00177,SRP285439,grab,vacuum filtration through 47-mm diameter 0.22-µm pore size mixed cellulose ester filter,250 mL
SRR12715968,AMPLICON,501,59711598,PRJNA665728,SAMN16265612,Metagenome or environmental,33359817,UNIVERSITY OF WISCONSIN-MILWAUKEE,6/28/17,public,"fastq,sra","gs,ncbi,s3","gs.US,ncbi.public,s3.us-east-1",SRX9194675,USA,North America,USA: Wisconsin,Illumina MiSeq,surface water,43.26544 N 87.93427 W,NL00176,PAIRED,PCR,GENOMIC,aquatic metagenome,ILLUMINA,2020-09-27T00:00:00Z,NL00176,SRP285439,grab,vacuum filtration through 47-mm diameter 0.22-µm pore size mixed cellulose ester filter,250 mL
SRR12715969,AMPLICON,501,77832845,PRJNA665728,SAMN16265585,Metagenome or environmental,43089500,UNIVERSITY OF WISCONSIN-MILWAUKEE,6/1/17,public,"fastq,sra","gs,ncbi,s3","gs.US,ncbi.public,s3.us-east-1",SRX9194674,USA,North America,USA: Wisconsin,Illumina MiSeq,surface water,43.12353 N 88.043434 W,NL00105,PAIRED,PCR,GENOMIC,aquatic metagenome,ILLUMINA,2020-09-27T00:00:00Z,NL00105,SRP285439,grab,vacuum filtration through 47-mm diameter 0.22-µm pore size mixed cellulose ester filter,250 mL
SRR12715970,AMPLICON,501,60947935,PRJNA665728,SAMN16265611,Metagenome or environmental,33750923,UNIVERSITY OF WISCONSIN-MILWAUKEE,6/28/17,public,"fastq,sra","gs,ncbi,s3","gs.US,ncbi.public,s3.us-east-1",SRX9194673,USA,North America,USA: Wisconsin,Illumina MiSeq,surface water,43.233696 N 87.98552 W,NL00175,PAIRED,PCR,GENOMIC,aquatic metagenome,ILLUMINA,2020-09-27T00:00:00Z,NL00175,SRP285439,grab,vacuum filtration through 47-mm diameter 0.22-µm pore size mixed cellulose ester filter,250 mL
SRR12715971,AMPLICON,501,80197304,PRJNA665728,SAMN16265610,Metagenome or environmental,43798306,UNIVERSITY OF WISCONSIN-MILWAUKEE,6/28/17,public,"fastq,sra","gs,ncbi,s3","gs.US,ncbi.public,s3.us-east-1",SRX9194672,USA,North America,USA: Wisconsin,Illumina MiSeq,surface water,43.348984 N 87.9656 W,NL00174,PAIRED,PCR,GENOMIC,aquatic metagenome,ILLUMINA,2020-09-27T00:00:00Z,NL00174,SRP285439,grab,vacuum filtration through 47-mm diameter 0.22-µm pore size mixed cellulose ester filter,250 mL
SRR12715972,AMPLICON,501,74671070,PRJNA665728,SAMN16265609,Metagenome or environmental,40744079,UNIVERSITY OF WISCONSIN-MILWAUKEE,6/28/17,public,"fastq,sra","gs,ncbi,s3","gs.US,ncbi.public,s3.us-east-1",SRX9194671,USA,North America,USA: Wisconsin,Illumina MiSeq,surface water,43.33829 N 88.003296 W,NL00173,PAIRED,PCR,GENOMIC,aquatic metagenome,ILLUMINA,2020-09-27T00:00:00Z,NL00173,SRP285439,grab,vacuum filtration through 47-mm diameter 0.22-µm pore size mixed cellulose ester filter,250 mL
SRR12715973,AMPLICON,501,63116452,PRJNA665728,SAMN16265608,Metagenome or environmental,36828364,UNIVERSITY OF WISCONSIN-MILWAUKEE,6/28/17,public,"fastq,sra","gs,ncbi,s3","gs.US,ncbi.public,s3.us-east-1",SRX9194670,USA,North America,USA: Wisconsin,Illumina MiSeq,surface water,43.439926 N 88.02636 W,NL00172,PAIRED,PCR,GENOMIC,aquatic metagenome,ILLUMINA,2020-09-27T00:00:00Z,NL00172,SRP285439,grab,vacuum filtration through 47-mm diameter 0.22-µm pore size mixed cellulose ester filter,250 mL
SRR12715974,AMPLICON,501,56244267,PRJNA665728,SAMN16265607,Metagenome or environmental,31415053,UNIVERSITY OF WISCONSIN-MILWAUKEE,6/28/17,public,"fastq,sra","gs,ncbi,s3","gs.US,ncbi.public,s3.us-east-1",SRX9194669,USA,North America,USA: Wisconsin,Illumina MiSeq,surface water,43.50703 N 88.20221 W,NL00171,PAIRED,PCR,GENOMIC,aquatic metagenome,ILLUMINA,2020-09-27T00:00:00Z,NL00171,SRP285439,grab,vacuum filtration through 47-mm diameter 0.22-µm pore size mixed cellulose ester filter,250 mL
SRR12715975,AMPLICON,501,83044381,PRJNA665728,SAMN16265606,Metagenome or environmental,45838229,UNIVERSITY OF WISCONSIN-MILWAUKEE,6/28/17,public,"fastq,sra","gs,ncbi,s3","gs.US,ncbi.public,s3.us-east-1",SRX9194668,USA,North America,USA: Wisconsin,Illumina MiSeq,surface water,43.53914 N 88.28139 W,NL00170,PAIRED,PCR,GENOMIC,aquatic metagenome,ILLUMINA,2020-09-27T00:00:00Z,NL00170,SRP285439,grab,vacuum filtration through 47-mm diameter 0.22-µm pore size mixed cellulose ester filter,250 mL
SRR12715976,AMPLICON,501,53401676,PRJNA665728,SAMN16265605,Metagenome or environmental,30065361,UNIVERSITY OF WISCONSIN-MILWAUKEE,6/28/17,public,"fastq,sra","gs,ncbi,s3","gs.US,ncbi.public,s3.us-east-1",SRX9194667,USA,North America,USA: Wisconsin,Illumina MiSeq,surface water,43.590572 N 88.05042 W,NL00169,PAIRED,PCR,GENOMIC,aquatic metagenome,ILLUMINA,2020-09-27T00:00:00Z,NL00169,SRP285439,grab,vacuum filtration through 47-mm diameter 0.22-µm pore size mixed cellulose ester filter,250 mL
SRR12715977,AMPLICON,501,45594864,PRJNA665728,SAMN16265604,Metagenome or environmental,25017136,UNIVERSITY OF WISCONSIN-MILWAUKEE,6/28/17,public,"fastq,sra","gs,ncbi,s3","gs.US,ncbi.public,s3.us-east-1",SRX9194666,USA,North America,USA: Wisconsin,Illumina MiSeq,surface water,43.686623 N 88.03359 W,NL00168,PAIRED,PCR,GENOMIC,aquatic metagenome,ILLUMINA,2020-09-27T00:00:00Z,NL00168,SRP285439,grab,vacuum filtration through 47-mm diameter 0.22-µm pore size mixed cellulose ester filter,250 mL
SRR12715978,AMPLICON,501,50488024,PRJNA665728,SAMN16265603,Metagenome or environmental,28502504,UNIVERSITY OF WISCONSIN-MILWAUKEE,6/28/17,public,"fastq,sra","gs,ncbi,s3","gs.US,ncbi.public,s3.us-east-1",SRX9194665,USA,North America,USA: Wisconsin,Illumina MiSeq,surface water,42.99737 N 87.92616 W,NL00167,PAIRED,PCR,GENOMIC,aquatic metagenome,ILLUMINA,2020-09-27T00:00:00Z,NL00167,SRP285439,grab,vacuum filtration through 47-mm diameter 0.22-µm pore size mixed cellulose ester filter,250 mL
SRR12715979,AMPLICON,501,67635295,PRJNA665728,SAMN16265602,Metagenome or environmental,37920052,UNIVERSITY OF WISCONSIN-MILWAUKEE,6/28/17,public,"fastq,sra","gs,ncbi,s3","gs.US,ncbi.public,s3.us-east-1",SRX9194664,USA,North America,USA: Wisconsin,Illumina MiSeq,surface water,42.97271 N 87.940094 W,NL00166,PAIRED,PCR,GENOMIC,aquatic metagenome,ILLUMINA,2020-09-27T00:00:00Z,NL00166,SRP285439,grab,vacuum filtration through 47-mm diameter 0.22-µm pore size mixed cellulose ester filter,250 mL
SRR12715980,AMPLICON,501,217080964,PRJNA665728,SAMN16265584,Metagenome or environmental,124151698,UNIVERSITY OF WISCONSIN-MILWAUKEE,6/1/17,public,"fastq,sra","gs,ncbi,s3","gs.US,ncbi.public,s3.us-east-1",SRX9194663,USA,North America,USA: Wisconsin,Illumina MiSeq,surface water,43.16278 N 88.06054 W,NL00104,PAIRED,PCR,GENOMIC,aquatic metagenome,ILLUMINA,2020-09-27T00:00:00Z,NL00104,SRP285439,grab,vacuum filtration through 47-mm diameter 0.22-µm pore size mixed cellulose ester filter,250 mL
SRR12715981,AMPLICON,501,48452255,PRJNA665728,SAMN16265601,Metagenome or environmental,27851172,UNIVERSITY OF WISCONSIN-MILWAUKEE,6/28/17,public,"fastq,sra","gs,ncbi,s3","gs.US,ncbi.public,s3.us-east-1",SRX9194662,USA,North America,USA: Wisconsin,Illumina MiSeq,surface water,43.0505 N 88.04671 W,NL00165,PAIRED,PCR,GENOMIC,aquatic metagenome,ILLUMINA,2020-09-27T00:00:00Z,NL00165,SRP285439,grab,vacuum filtration through 47-mm diameter 0.22-µm pore size mixed cellulose ester filter,250 mL
SRR12715982,AMPLICON,501,85117634,PRJNA665728,SAMN16265600,Metagenome or environmental,47822140,UNIVERSITY OF WISCONSIN-MILWAUKEE,6/28/17,public,"fastq,sra","gs,ncbi,s3","gs.US,ncbi.public,s3.us-east-1",SRX9194661,USA,North America,USA: Wisconsin,Illumina MiSeq,surface water,43.12353 N 88.043434 W,NL00164,PAIRED,PCR,GENOMIC,aquatic metagenome,ILLUMINA,2020-09-27T00:00:00Z,NL00164,SRP285439,grab,vacuum filtration through 47-mm diameter 0.22-µm pore size mixed cellulose ester filter,250 mL
SRR12715983,AMPLICON,501,74246461,PRJNA665728,SAMN16265599,Metagenome or environmental,40545051,UNIVERSITY OF WISCONSIN-MILWAUKEE,6/28/17,public,"fastq,sra","gs,ncbi,s3","gs.US,ncbi.public,s3.us-east-1",SRX9194660,USA,North America,USA: Wisconsin,Illumina MiSeq,surface water,43.16278 N 88.06054 W,NL00163,PAIRED,PCR,GENOMIC,aquatic metagenome,ILLUMINA,2020-09-27T00:00:00Z,NL00163,SRP285439,grab,vacuum filtration through 47-mm diameter 0.22-µm pore size mixed cellulose ester filter,250 mL
SRR12715984,AMPLICON,501,61095335,PRJNA665728,SAMN16265598,Metagenome or environmental,34282566,UNIVERSITY OF WISCONSIN-MILWAUKEE,6/28/17,public,"fastq,sra","gs,ncbi,s3","gs.US,ncbi.public,s3.us-east-1",SRX9194659,USA,North America,USA: Wisconsin,Illumina MiSeq,surface water,43.2067 N 88.142746 W,NL00162,PAIRED,PCR,GENOMIC,aquatic metagenome,ILLUMINA,2020-09-27T00:00:00Z,NL00162,SRP285439,grab,vacuum filtration through 47-mm diameter 0.22-µm pore size mixed cellulose ester filter,250 mL
SRR12715985,AMPLICON,501,51358491,PRJNA665728,SAMN16265597,Metagenome or environmental,29813429,UNIVERSITY OF WISCONSIN-MILWAUKEE,6/1/17,public,"fastq,sra","gs,ncbi,s3","gs.US,ncbi.public,s3.us-east-1",SRX9194658,USA,North America,USA: Wisconsin,Illumina MiSeq,surface water,43.16242 N 87.93145 W,NL00118,PAIRED,PCR,GENOMIC,aquatic metagenome,ILLUMINA,2020-09-27T00:00:00Z,NL00118,SRP285439,grab,vacuum filtration through 47-mm diameter 0.22-µm pore size mixed cellulose ester filter,250 mL
SRR12715986,AMPLICON,501,81631520,PRJNA665728,SAMN16265596,Metagenome or environmental,45121445,UNIVERSITY OF WISCONSIN-MILWAUKEE,6/1/17,public,"fastq,sra","gs,ncbi,s3","gs.US,ncbi.public,s3.us-east-1",SRX9194657,USA,North America,USA: Wisconsin,Illumina MiSeq,surface water,43.26544 N 87.93427 W,NL00117,PAIRED,PCR,GENOMIC,aquatic metagenome,ILLUMINA,2020-09-27T00:00:00Z,NL00117,SRP285439,grab,vacuum filtration through 47-mm diameter 0.22-µm pore size mixed cellulose ester filter,250 mL
SRR12715987,AMPLICON,501,78864760,PRJNA665728,SAMN16265595,Metagenome or environmental,43228623,UNIVERSITY OF WISCONSIN-MILWAUKEE,6/1/17,public,"fastq,sra","gs,ncbi,s3","gs.US,ncbi.public,s3.us-east-1",SRX9194656,USA,North America,USA: Wisconsin,Illumina MiSeq,surface water,43.233696 N 87.98552 W,NL00116,PAIRED,PCR,GENOMIC,aquatic metagenome,ILLUMINA,2020-09-27T00:00:00Z,NL00116,SRP285439,grab,vacuum filtration through 47-mm diameter 0.22-µm pore size mixed cellulose ester filter,250 mL
SRR12715988,AMPLICON,501,66834598,PRJNA665728,SAMN16265594,Metagenome or environmental,37263515,UNIVERSITY OF WISCONSIN-MILWAUKEE,6/1/17,public,"fastq,sra","gs,ncbi,s3","gs.US,ncbi.public,s3.us-east-1",SRX9194655,USA,North America,USA: Wisconsin,Illumina MiSeq,surface water,43.348984 N 87.9656 W,NL00115,PAIRED,PCR,GENOMIC,aquatic metagenome,ILLUMINA,2020-09-27T00:00:00Z,NL00115,SRP285439,grab,vacuum filtration through 47-mm diameter 0.22-µm pore size mixed cellulose ester filter,250 mL
SRR12715989,AMPLICON,501,52309144,PRJNA665728,SAMN16265593,Metagenome or environmental,35379520,UNIVERSITY OF WISCONSIN-MILWAUKEE,6/1/17,public,"fastq,sra","gs,ncbi,s3","gs.US,ncbi.public,s3.us-east-1",SRX9194654,USA,North America,USA: Wisconsin,Illumina MiSeq,surface water,43.33829 N 88.003296 W,NL00114,PAIRED,PCR,GENOMIC,aquatic metagenome,ILLUMINA,2020-09-27T00:00:00Z,NL00114,SRP285439,grab,vacuum filtration through 47-mm diameter 0.22-µm pore size mixed cellulose ester filter,250 mL
SRR12715990,AMPLICON,501,41827918,PRJNA665728,SAMN16265592,Metagenome or environmental,24545806,UNIVERSITY OF WISCONSIN-MILWAUKEE,6/1/17,public,"fastq,sra","gs,ncbi,s3","gs.US,ncbi.public,s3.us-east-1",SRX9194653,USA,North America,USA: Wisconsin,Illumina MiSeq,surface water,43.432713 N 88.016014 W,NL00113,PAIRED,PCR,GENOMIC,aquatic metagenome,ILLUMINA,2020-09-27T00:00:00Z,NL00113,SRP285439,grab,vacuum filtration through 47-mm diameter 0.22-µm pore size mixed cellulose ester filter,250 mL
SRR12715991,AMPLICON,501,63070913,PRJNA665728,SAMN16265583,Metagenome or environmental,34966230,UNIVERSITY OF WISCONSIN-MILWAUKEE,6/1/17,public,"fastq,sra","gs,ncbi,s3","gs.US,ncbi.public,s3.us-east-1",SRX9194652,USA,North America,USA: Wisconsin,Illumina MiSeq,surface water,43.2067 N 88.142746 W,NL00103,PAIRED,PCR,GENOMIC,aquatic metagenome,ILLUMINA,2020-09-27T00:00:00Z,NL00103,SRP285439,grab,vacuum filtration through 47-mm diameter 0.22-µm pore size mixed cellulose ester filter,250 mL
SRR12715913,AMPLICON,495,29254,PRJNA665728,SAMN16265662,Metagenome or environmental,96841,UNIVERSITY OF WISCONSIN-MILWAUKEE,not applicable,public,"fastq,sra","gs,ncbi,s3","gs.US,ncbi.public,s3.us-east-1",SRX9194730,uncalculated,uncalculated,not applicable,Illumina MiSeq,not applicable,not applicable,negative control,PAIRED,PCR,GENOMIC,metagenome,ILLUMINA,2020-09-27T00:00:00Z,NTC,SRP285439,,,
SRR12715992,AMPLICON,501,75015006,PRJNA665728,SAMN16265582,Metagenome or environmental,42526889,UNIVERSITY OF WISCONSIN-MILWAUKEE,not applicable,public,"fastq,sra","gs,ncbi,s3","gs.US,ncbi.public,s3.us-east-1",SRX9194651,uncalculated,uncalculated,not applicable,Illumina MiSeq,HM783-D BEI Resources mock community,not applicable,positive control,PAIRED,PCR,GENOMIC,synthetic metagenome,ILLUMINA,2020-09-27T00:00:00Z,HM783D,SRP285439,,,