Run,Assay Type,AvgSpotLen,Bases,BioProject,BioSample,BioSampleModel,Bytes,Center Name,Collection_Date,Consent,DATASTORE filetype,DATASTORE provider,DATASTORE region,Experiment,geo_loc_name_country,geo_loc_name_country_continent,geo_loc_name,Host,Instrument,lat_lon,Library Name,LibraryLayout,LibrarySelection,LibrarySource,Organism,Platform,ReleaseDate,Sample Name,SRA Study,env_biome,env_feature,env_material,Isolation_source,host_body_habitat
SRR6354353,AMPLICON,502,56259140,PRJNA388139,SAMN08136109,Metagenome or environmental,31395806,UNIVERSITY OF TARTU,Sep-13,public,"fastq,sra","gs,ncbi,s3","gs.US,ncbi.public,s3.us-east-1",SRX3451047,Estonia,Europe,Estonia: Selja river,non,Illumina MiSeq,missing,B3-batch1,PAIRED,PCR,METAGENOMIC,fish gut metagenome,ILLUMINA,2017-12-06T00:00:00Z,batch1_Selja_River_2,SRP126256,,,,river water,
SRR6354354,AMPLICON,502,44681012,PRJNA388139,SAMN08136110,Metagenome or environmental,25017335,UNIVERSITY OF TARTU,Sep-13,public,"fastq,sra","gs,ncbi,s3","gs.US,ncbi.public,s3.us-east-1",SRX3451046,Estonia,Europe,Estonia: Selja river,non,Illumina MiSeq,missing,H2-batch1,PAIRED,PCR,METAGENOMIC,fish gut metagenome,ILLUMINA,2017-12-06T00:00:00Z,batch1_Selja_River_3,SRP126256,,,,river water,
SRR6354355,AMPLICON,502,50567464,PRJNA388139,SAMN08136107,Metagenome or environmental,27962028,UNIVERSITY OF TARTU,Sep-13,public,"fastq,sra","gs,ncbi,s3","gs.US,ncbi.public,s3.us-east-1",SRX3451045,Estonia,Europe,Estonia: Pudisoo river,non,Illumina MiSeq,missing,H3-batch1,PAIRED,PCR,METAGENOMIC,fish gut metagenome,ILLUMINA,2017-12-06T00:00:00Z,batch1_Pudisoo_River_3,SRP126256,,,,river water,
SRR6354356,AMPLICON,502,67093806,PRJNA388139,SAMN08136108,Metagenome or environmental,38299137,UNIVERSITY OF TARTU,Sep-13,public,"fastq,sra","gs,ncbi,s3","gs.US,ncbi.public,s3.us-east-1",SRX3451044,Estonia,Europe,Estonia: Selja river,non,Illumina MiSeq,missing,A3-batch1,PAIRED,PCR,METAGENOMIC,fish gut metagenome,ILLUMINA,2017-12-06T00:00:00Z,batch1_Selja_River_1,SRP126256,,,,river water,
SRR6354357,AMPLICON,502,61438274,PRJNA388139,SAMN08136105,Metagenome or environmental,33449610,UNIVERSITY OF TARTU,Sep-13,public,"fastq,sra","gs,ncbi,s3","gs.US,ncbi.public,s3.us-east-1",SRX3451043,Estonia,Europe,Estonia: Pudisoo river,non,Illumina MiSeq,missing,F3-batch1,PAIRED,PCR,METAGENOMIC,fish gut metagenome,ILLUMINA,2017-12-06T00:00:00Z,batch1_Pudisoo_River_1,SRP126256,,,,river water,
SRR6354358,AMPLICON,502,59541216,PRJNA388139,SAMN08136106,Metagenome or environmental,33186091,UNIVERSITY OF TARTU,Sep-13,public,"fastq,sra","gs,ncbi,s3","gs.US,ncbi.public,s3.us-east-1",SRX3451042,Estonia,Europe,Estonia: Pudisoo river,non,Illumina MiSeq,missing,G3-batch1,PAIRED,PCR,METAGENOMIC,fish gut metagenome,ILLUMINA,2017-12-06T00:00:00Z,batch1_Pudisoo_River_2,SRP126256,,,,river water,
SRR6354359,AMPLICON,502,55927820,PRJNA388139,SAMN08136103,Metagenome or environmental,31022754,UNIVERSITY OF TARTU,Sep-13,public,"fastq,sra","gs,ncbi,s3","gs.US,ncbi.public,s3.us-east-1",SRX3451041,Estonia,Europe,Estonia: Preedi river,non,Illumina MiSeq,missing,B4-batch1,PAIRED,PCR,METAGENOMIC,fish gut metagenome,ILLUMINA,2017-12-06T00:00:00Z,batch1_Preedi_River_2,SRP126256,,,,river water,
SRR6354360,AMPLICON,502,56171792,PRJNA388139,SAMN08136104,Metagenome or environmental,30752009,UNIVERSITY OF TARTU,Sep-13,public,"fastq,sra","gs,ncbi,s3","gs.US,ncbi.public,s3.us-east-1",SRX3451040,Estonia,Europe,Estonia: Preedi river,non,Illumina MiSeq,missing,C4-batch1,PAIRED,PCR,METAGENOMIC,fish gut metagenome,ILLUMINA,2017-12-06T00:00:00Z,batch1_Preedi_River_3,SRP126256,,,,river water,
SRR6354361,AMPLICON,502,61018100,PRJNA388139,SAMN08136111,Metagenome or environmental,33794307,UNIVERSITY OF TARTU,Sep-13,public,"fastq,sra","gs,ncbi,s3","gs.US,ncbi.public,s3.us-east-1",SRX3451039,Estonia,Europe,Estonia: Toolse river,non,Illumina MiSeq,missing,D1-batch1,PAIRED,PCR,METAGENOMIC,fish gut metagenome,ILLUMINA,2017-12-06T00:00:00Z,batch1_Toolse_River_1,SRP126256,,,,river water,
SRR6354362,AMPLICON,502,27018644,PRJNA388139,SAMN08136112,Metagenome or environmental,15221327,UNIVERSITY OF TARTU,Sep-13,public,"fastq,sra","gs,ncbi,s3","gs.US,ncbi.public,s3.us-east-1",SRX3451038,Estonia,Europe,Estonia: Toolse river,non,Illumina MiSeq,missing,E1-batch1,PAIRED,PCR,METAGENOMIC,fish gut metagenome,ILLUMINA,2017-12-06T00:00:00Z,batch1_Toolse_River_2,SRP126256,,,,river water,
SRR6354363,AMPLICON,502,52625162,PRJNA388139,SAMN08136122,Metagenome or environmental,29672971,UNIVERSITY OF TARTU,Sep-13,public,"fastq,sra","gs,ncbi,s3","gs.US,ncbi.public,s3.us-east-1",SRX3451037,Estonia,Europe,Estonia: Vodja river,non,Illumina MiSeq,missing,F4-batch1,PAIRED,PCR,METAGENOMIC,fish gut metagenome,ILLUMINA,2017-12-06T00:00:00Z,batch1_Vodja_River_3,SRP126256,,,,river water,
SRR6354364,AMPLICON,502,50510738,PRJNA388139,SAMN08136121,Metagenome or environmental,28572188,UNIVERSITY OF TARTU,Sep-13,public,"fastq,sra","gs,ncbi,s3","gs.US,ncbi.public,s3.us-east-1",SRX3451036,Estonia,Europe,Estonia: Vodja river,non,Illumina MiSeq,missing,E4-batch1,PAIRED,PCR,METAGENOMIC,fish gut metagenome,ILLUMINA,2017-12-06T00:00:00Z,batch1_Vodja_River_2,SRP126256,,,,river water,
SRR6354365,AMPLICON,502,51902282,PRJNA388139,SAMN08136120,Metagenome or environmental,28569455,UNIVERSITY OF TARTU,Sep-13,public,"fastq,sra","gs,ncbi,s3","gs.US,ncbi.public,s3.us-east-1",SRX3451035,Estonia,Europe,Estonia: Vodja river,non,Illumina MiSeq,missing,D4-batch1,PAIRED,PCR,METAGENOMIC,fish gut metagenome,ILLUMINA,2017-12-06T00:00:00Z,batch1_Vodja_River_1,SRP126256,,,,river water,
SRR6354367,AMPLICON,502,49723100,PRJNA388139,SAMN08136118,Metagenome or environmental,27438825,UNIVERSITY OF TARTU,Sep-13,public,"fastq,sra","gs,ncbi,s3","gs.US,ncbi.public,s3.us-east-1",SRX3451033,Estonia,Europe,Estonia: Vainupea river,non,Illumina MiSeq,missing,G1-batch1,PAIRED,PCR,METAGENOMIC,fish gut metagenome,ILLUMINA,2017-12-06T00:00:00Z,batch1_Vainupea_River_2,SRP126256,,,,river water,
SRR6354368,AMPLICON,502,43720686,PRJNA388139,SAMN08136117,Metagenome or environmental,24472738,UNIVERSITY OF TARTU,Sep-13,public,"fastq,sra","gs,ncbi,s3","gs.US,ncbi.public,s3.us-east-1",SRX3451032,Estonia,Europe,Estonia: Vainupea river,non,Illumina MiSeq,missing,A2-batch1,PAIRED,PCR,METAGENOMIC,fish gut metagenome,ILLUMINA,2017-12-06T00:00:00Z,batch1_Vainupea_River_1,SRP126256,,,,river water,
SRR6354369,AMPLICON,502,144172392,PRJNA388139,SAMN08136116,Metagenome or environmental,80038504,UNIVERSITY OF TARTU,Sep-13,public,"fastq,sra","gs,ncbi,s3","gs.US,ncbi.public,s3.us-east-1",SRX3451031,Estonia,Europe,Estonia: Voesu river,non,Illumina MiSeq,missing,E3-batch1,PAIRED,PCR,METAGENOMIC,fish gut metagenome,ILLUMINA,2017-12-06T00:00:00Z,batch1_Voesu_River_3,SRP126256,,,,river water,
SRR6354371,AMPLICON,502,58924258,PRJNA388139,SAMN08136114,Metagenome or environmental,32804405,UNIVERSITY OF TARTU,Sep-13,public,"fastq,sra","gs,ncbi,s3","gs.US,ncbi.public,s3.us-east-1",SRX3451029,Estonia,Europe,Estonia: Voesu river,non,Illumina MiSeq,missing,C3-batch1,PAIRED,PCR,METAGENOMIC,fish gut metagenome,ILLUMINA,2017-12-06T00:00:00Z,batch1_Voesu_River_1,SRP126256,,,,river water,
SRR6354372,AMPLICON,502,52460004,PRJNA388139,SAMN08136113,Metagenome or environmental,28951124,UNIVERSITY OF TARTU,Sep-13,public,"fastq,sra","gs,ncbi,s3","gs.US,ncbi.public,s3.us-east-1",SRX3451028,Estonia,Europe,Estonia: Toolse river,non,Illumina MiSeq,missing,F1-batch1,PAIRED,PCR,METAGENOMIC,fish gut metagenome,ILLUMINA,2017-12-06T00:00:00Z,batch1_Toolse_River_3,SRP126256,,,,river water,
SRR6354373,AMPLICON,502,45472666,PRJNA388139,SAMN08136101,Metagenome or environmental,25009243,UNIVERSITY OF TARTU,Sep-13,public,"fastq,sra","gs,ncbi,s3","gs.US,ncbi.public,s3.us-east-1",SRX3451027,Estonia,Europe,Estonia: Pada river,non,Illumina MiSeq,missing,C1-batch1,PAIRED,PCR,METAGENOMIC,fish gut metagenome,ILLUMINA,2017-12-06T00:00:00Z,batch1_Pada_River_3,SRP126256,,,,river water,
SRR6354374,AMPLICON,502,45714630,PRJNA388139,SAMN08136102,Metagenome or environmental,25320312,UNIVERSITY OF TARTU,Sep-13,public,"fastq,sra","gs,ncbi,s3","gs.US,ncbi.public,s3.us-east-1",SRX3451026,Estonia,Europe,Estonia: Preedi river,non,Illumina MiSeq,missing,A4-batch1,PAIRED,PCR,METAGENOMIC,fish gut metagenome,ILLUMINA,2017-12-06T00:00:00Z,batch1_Preedi_River_1,SRP126256,,,,river water,
SRR6354375,AMPLICON,502,40759890,PRJNA388139,SAMN08136099,Metagenome or environmental,22381185,UNIVERSITY OF TARTU,Sep-13,public,"fastq,sra","gs,ncbi,s3","gs.US,ncbi.public,s3.us-east-1",SRX3451025,Estonia,Europe,Estonia: Pada river,non,Illumina MiSeq,missing,A1-batch1,PAIRED,PCR,METAGENOMIC,fish gut metagenome,ILLUMINA,2017-12-06T00:00:00Z,batch1_Pada_River_1,SRP126256,,,,river water,
SRR6354376,AMPLICON,502,61620500,PRJNA388139,SAMN08136100,Metagenome or environmental,33418842,UNIVERSITY OF TARTU,Sep-13,public,"fastq,sra","gs,ncbi,s3","gs.US,ncbi.public,s3.us-east-1",SRX3451024,Estonia,Europe,Estonia: Pada river,non,Illumina MiSeq,missing,B1-batch1,PAIRED,PCR,METAGENOMIC,fish gut metagenome,ILLUMINA,2017-12-06T00:00:00Z,batch1_Pada_River_2,SRP126256,,,,river water,
SRR6354377,AMPLICON,502,50842560,PRJNA388139,SAMN08136097,Metagenome or environmental,28766498,UNIVERSITY OF TARTU,Sep-13,public,"fastq,sra","gs,ncbi,s3","gs.US,ncbi.public,s3.us-east-1",SRX3451023,Estonia,Europe,Estonia: Mustoja river,non,Illumina MiSeq,missing,C2-batch1,PAIRED,PCR,METAGENOMIC,fish gut metagenome,ILLUMINA,2017-12-06T00:00:00Z,batch1_Mustoja_River_2,SRP126256,,,,river water,
SRR6354378,AMPLICON,502,57943852,PRJNA388139,SAMN08136098,Metagenome or environmental,32161029,UNIVERSITY OF TARTU,Sep-13,public,"fastq,sra","gs,ncbi,s3","gs.US,ncbi.public,s3.us-east-1",SRX3451022,Estonia,Europe,Estonia: Mustoja river,non,Illumina MiSeq,missing,D2-batch1,PAIRED,PCR,METAGENOMIC,fish gut metagenome,ILLUMINA,2017-12-06T00:00:00Z,batch1_Mustoja_River_3,SRP126256,,,,river water,
SRR6354379,AMPLICON,502,40369836,PRJNA388139,SAMN08136095,Metagenome or environmental,22109951,UNIVERSITY OF TARTU,Sep-13,public,"fastq,sra","gs,ncbi,s3","gs.US,ncbi.public,s3.us-east-1",SRX3451021,Estonia,Europe,Estonia: Altja river,non,Illumina MiSeq,missing,G2-batch1,PAIRED,PCR,METAGENOMIC,fish gut metagenome,ILLUMINA,2017-12-06T00:00:00Z,batch1_Altja_River_3,SRP126256,,,,river water,
SRR6354384,AMPLICON,502,31071792,PRJNA388139,SAMN08135978,"MIMARKS.survey,MIGS/MIMS/MIMARKS.host-associated",20120082,UNIVERSITY OF TARTU,Sep-13,public,"fastq,sra","gs,ncbi,s3","gs.US,ncbi.public,s3.us-east-1",SRX3451168,Estonia,Europe,Estonia,brown trout,Illumina MiSeq,missing,G5_batch2,PAIRED,PCR,METAGENOMIC,fish gut metagenome,ILLUMINA,2017-12-06T00:00:00Z,batch1_Mustoja_43,SRP126256,temperate decidious forest,freshwater river,intestine,,
SRR6354385,AMPLICON,502,104062592,PRJNA388139,SAMN08135981,"MIMARKS.survey,MIGS/MIMS/MIMARKS.host-associated",59533338,UNIVERSITY OF TARTU,Sep-13,public,"fastq,sra","gs,ncbi,s3","gs.US,ncbi.public,s3.us-east-1",SRX3451167,Estonia,Europe,Estonia,brown trout,Illumina MiSeq,missing,H6_batch5,PAIRED,PCR,METAGENOMIC,fish gut metagenome,ILLUMINA,2017-12-06T00:00:00Z,batch5_Mustoja_48_2,SRP126256,temperate decidious forest,freshwater river,intestine,,
SRR6354386,AMPLICON,502,93937252,PRJNA388139,SAMN08135980,"MIMARKS.survey,MIGS/MIMS/MIMARKS.host-associated",60651701,UNIVERSITY OF TARTU,Sep-13,public,"fastq,sra","gs,ncbi,s3","gs.US,ncbi.public,s3.us-east-1",SRX3451166,Estonia,Europe,Estonia,brown trout,Illumina MiSeq,missing,H6_batch2,PAIRED,PCR,METAGENOMIC,fish gut metagenome,ILLUMINA,2017-12-06T00:00:00Z,batch2_Mustoja_39,SRP126256,temperate decidious forest,freshwater river,intestine,,
SRR6354387,AMPLICON,502,15546438,PRJNA388139,SAMN08135975,"MIMARKS.survey,MIGS/MIMS/MIMARKS.host-associated",9957936,UNIVERSITY OF TARTU,Sep-13,public,"fastq,sra","gs,ncbi,s3","gs.US,ncbi.public,s3.us-east-1",SRX3451165,Estonia,Europe,Estonia,brown trout,Illumina MiSeq,missing,F10_batch2,PAIRED,PCR,METAGENOMIC,fish gut metagenome,ILLUMINA,2017-12-06T00:00:00Z,batch2_Mustoja_42,SRP126256,temperate decidious forest,freshwater river,intestine,,
SRR6354392,AMPLICON,502,129366404,PRJNA388139,SAMN08135982,"MIMARKS.survey,MIGS/MIMS/MIMARKS.host-associated",73314860,UNIVERSITY OF TARTU,Sep-13,public,"fastq,sra","gs,ncbi,s3","gs.US,ncbi.public,s3.us-east-1",SRX3451160,Estonia,Europe,Estonia,brown trout,Illumina MiSeq,missing,H7_batch5,PAIRED,PCR,METAGENOMIC,fish gut metagenome,ILLUMINA,2017-12-06T00:00:00Z,batch5_Mustoja_48_3,SRP126256,temperate decidious forest,freshwater river,intestine,,
SRR6354393,AMPLICON,502,19487138,PRJNA388139,SAMN08135990,"MIMARKS.survey,MIGS/MIMS/MIMARKS.host-associated",12236040,UNIVERSITY OF TARTU,Sep-13,public,"fastq,sra","gs,ncbi,s3","gs.US,ncbi.public,s3.us-east-1",SRX3451159,Estonia,Europe,Estonia,brown trout,Illumina MiSeq,missing,D10_batch2,PAIRED,PCR,METAGENOMIC,fish gut metagenome,ILLUMINA,2017-12-06T00:00:00Z,batch2_Pada_9,SRP126256,temperate decidious forest,freshwater river,intestine,,
SRR6354395,AMPLICON,502,29611976,PRJNA388139,SAMN08135988,"MIMARKS.survey,MIGS/MIMS/MIMARKS.host-associated",17853077,UNIVERSITY OF TARTU,Sep-13,public,"fastq,sra","gs,ncbi,s3","gs.US,ncbi.public,s3.us-east-1",SRX3451157,Estonia,Europe,Estonia,brown trout,Illumina MiSeq,missing,B9_batch2,PAIRED,PCR,METAGENOMIC,fish gut metagenome,ILLUMINA,2017-12-06T00:00:00Z,batch2_Pada_3,SRP126256,temperate decidious forest,freshwater river,intestine,,
SRR6354396,AMPLICON,502,39103792,PRJNA388139,SAMN08135989,"MIMARKS.survey,MIGS/MIMS/MIMARKS.host-associated",25186149,UNIVERSITY OF TARTU,Sep-13,public,"fastq,sra","gs,ncbi,s3","gs.US,ncbi.public,s3.us-east-1",SRX3451156,Estonia,Europe,Estonia,brown trout,Illumina MiSeq,missing,C5_batch2,PAIRED,PCR,METAGENOMIC,fish gut metagenome,ILLUMINA,2017-12-06T00:00:00Z,batch2_Pada_4,SRP126256,temperate decidious forest,freshwater river,intestine,,
SRR6354397,AMPLICON,502,49209052,PRJNA388139,SAMN08135986,"MIMARKS.survey,MIGS/MIMS/MIMARKS.host-associated",31243615,UNIVERSITY OF TARTU,Sep-13,public,"fastq,sra","gs,ncbi,s3","gs.US,ncbi.public,s3.us-east-1",SRX3451155,Estonia,Europe,Estonia,brown trout,Illumina MiSeq,missing,B2_batch2,PAIRED,PCR,METAGENOMIC,fish gut metagenome,ILLUMINA,2017-12-06T00:00:00Z,batch2_Pada_12,SRP126256,temperate decidious forest,freshwater river,intestine,,
SRR6354400,AMPLICON,502,26875072,PRJNA388139,SAMN08135985,"MIMARKS.survey,MIGS/MIMS/MIMARKS.host-associated",16999559,UNIVERSITY OF TARTU,Sep-13,public,"fastq,sra","gs,ncbi,s3","gs.US,ncbi.public,s3.us-east-1",SRX3451152,Estonia,Europe,Estonia,brown trout,Illumina MiSeq,missing,B11_batch2,PAIRED,PCR,METAGENOMIC,fish gut metagenome,ILLUMINA,2017-12-06T00:00:00Z,batch2_Pada_11,SRP126256,temperate decidious forest,freshwater river,intestine,,
SRR6354401,AMPLICON,502,15761796,PRJNA388139,SAMN08135992,"MIMARKS.survey,MIGS/MIMS/MIMARKS.host-associated",9955709,UNIVERSITY OF TARTU,Sep-13,public,"fastq,sra","gs,ncbi,s3","gs.US,ncbi.public,s3.us-east-1",SRX3451151,Estonia,Europe,Estonia,brown trout,Illumina MiSeq,missing,E11_batch2,PAIRED,PCR,METAGENOMIC,fish gut metagenome,ILLUMINA,2017-12-06T00:00:00Z,batch2_Pada_5,SRP126256,temperate decidious forest,freshwater river,intestine,,
SRR6354402,AMPLICON,502,125436246,PRJNA388139,SAMN08135993,"MIMARKS.survey,MIGS/MIMS/MIMARKS.host-associated",79527498,UNIVERSITY OF TARTU,Sep-13,public,"fastq,sra","gs,ncbi,s3","gs.US,ncbi.public,s3.us-east-1",SRX3451150,Estonia,Europe,Estonia,brown trout,Illumina MiSeq,missing,E3_batch2,PAIRED,PCR,METAGENOMIC,fish gut metagenome,ILLUMINA,2017-12-06T00:00:00Z,batch2_Pada_8,SRP126256,temperate decidious forest,freshwater river,intestine,,
SRR6354404,AMPLICON,502,69955708,PRJNA388139,SAMN08135996,"MIMARKS.survey,MIGS/MIMS/MIMARKS.host-associated",45104586,UNIVERSITY OF TARTU,Sep-13,public,"fastq,sra","gs,ncbi,s3","gs.US,ncbi.public,s3.us-east-1",SRX3451148,Estonia,Europe,Estonia,brown trout,Illumina MiSeq,missing,A6_batch2,PAIRED,PCR,METAGENOMIC,fish gut metagenome,ILLUMINA,2017-12-06T00:00:00Z,batch2_Preedi_115,SRP126256,temperate decidious forest,freshwater river,intestine,,
SRR6354405,AMPLICON,502,25434332,PRJNA388139,SAMN08135995,"MIMARKS.survey,MIGS/MIMS/MIMARKS.host-associated",15941462,UNIVERSITY OF TARTU,Sep-13,public,"fastq,sra","gs,ncbi,s3","gs.US,ncbi.public,s3.us-east-1",SRX3451147,Estonia,Europe,Estonia,brown trout,Illumina MiSeq,missing,H11_batch2,PAIRED,PCR,METAGENOMIC,fish gut metagenome,ILLUMINA,2017-12-06T00:00:00Z,batch2_Pada_7_2,SRP126256,temperate decidious forest,freshwater river,intestine,,
SRR6354407,AMPLICON,502,18939456,PRJNA388139,SAMN08136001,"MIMARKS.survey,MIGS/MIMS/MIMARKS.host-associated",11844662,UNIVERSITY OF TARTU,Sep-13,public,"fastq,sra","gs,ncbi,s3","gs.US,ncbi.public,s3.us-east-1",SRX3451145,Estonia,Europe,Estonia,brown trout,Illumina MiSeq,missing,C11_batch2,PAIRED,PCR,METAGENOMIC,fish gut metagenome,ILLUMINA,2017-12-06T00:00:00Z,batch2_Preedi_112,SRP126256,temperate decidious forest,freshwater river,intestine,,
SRR6354411,AMPLICON,502,77275872,PRJNA388139,SAMN08136003,"MIMARKS.survey,MIGS/MIMS/MIMARKS.host-associated",49695670,UNIVERSITY OF TARTU,Sep-13,public,"fastq,sra","gs,ncbi,s3","gs.US,ncbi.public,s3.us-east-1",SRX3451141,Estonia,Europe,Estonia,brown trout,Illumina MiSeq,missing,D6_batch2,PAIRED,PCR,METAGENOMIC,fish gut metagenome,ILLUMINA,2017-12-06T00:00:00Z,batch2_Preedi_120,SRP126256,temperate decidious forest,freshwater river,intestine,,
SRR6354412,AMPLICON,502,45969144,PRJNA388139,SAMN08136002,"MIMARKS.survey,MIGS/MIMS/MIMARKS.host-associated",29666191,UNIVERSITY OF TARTU,Sep-13,public,"fastq,sra","gs,ncbi,s3","gs.US,ncbi.public,s3.us-east-1",SRX3451140,Estonia,Europe,Estonia,brown trout,Illumina MiSeq,missing,C3_batch2,PAIRED,PCR,METAGENOMIC,fish gut metagenome,ILLUMINA,2017-12-06T00:00:00Z,batch2_Preedi_121,SRP126256,temperate decidious forest,freshwater river,intestine,,
SRR6354414,AMPLICON,502,26837422,PRJNA388139,SAMN08136022,"MIMARKS.survey,MIGS/MIMS/MIMARKS.host-associated",16541756,UNIVERSITY OF TARTU,Sep-13,public,"fastq,sra","gs,ncbi,s3","gs.US,ncbi.public,s3.us-east-1",SRX3451138,Estonia,Europe,Estonia,brown trout,Illumina MiSeq,missing,D12_batch2,PAIRED,PCR,METAGENOMIC,fish gut metagenome,ILLUMINA,2017-12-06T00:00:00Z,batch2_Selja_63,SRP126256,temperate decidious forest,freshwater river,intestine,,
SRR6354416,AMPLICON,502,17062980,PRJNA388139,SAMN08136013,"MIMARKS.survey,MIGS/MIMS/MIMARKS.host-associated",10802006,UNIVERSITY OF TARTU,Sep-13,public,"fastq,sra","gs,ncbi,s3","gs.US,ncbi.public,s3.us-east-1",SRX3451136,Estonia,Europe,Estonia,brown trout,Illumina MiSeq,missing,D11_batch2,PAIRED,PCR,METAGENOMIC,fish gut metagenome,ILLUMINA,2017-12-06T00:00:00Z,batch2_Pudisoo_90,SRP126256,temperate decidious forest,freshwater river,intestine,,
SRR6354418,AMPLICON,502,48575528,PRJNA388139,SAMN08136009,"MIMARKS.survey,MIGS/MIMS/MIMARKS.host-associated",30740503,UNIVERSITY OF TARTU,Sep-13,public,"fastq,sra","gs,ncbi,s3","gs.US,ncbi.public,s3.us-east-1",SRX3451134,Estonia,Europe,Estonia,brown trout,Illumina MiSeq,missing,A5_batch2,PAIRED,PCR,METAGENOMIC,fish gut metagenome,ILLUMINA,2017-12-06T00:00:00Z,batch2_Pudisoo_93,SRP126256,temperate decidious forest,freshwater river,intestine,,
SRR6354421,AMPLICON,502,10453146,PRJNA388139,SAMN08136004,"MIMARKS.survey,MIGS/MIMS/MIMARKS.host-associated",6497515,UNIVERSITY OF TARTU,Sep-13,public,"fastq,sra","gs,ncbi,s3","gs.US,ncbi.public,s3.us-east-1",SRX3451131,Estonia,Europe,Estonia,brown trout,Illumina MiSeq,missing,F7_batch2,PAIRED,PCR,METAGENOMIC,fish gut metagenome,ILLUMINA,2017-12-06T00:00:00Z,batch2_Preedi_118,SRP126256,temperate decidious forest,freshwater river,intestine,,
SRR6354423,AMPLICON,502,32969352,PRJNA388139,SAMN08136006,"MIMARKS.survey,MIGS/MIMS/MIMARKS.host-associated",20722344,UNIVERSITY OF TARTU,Sep-13,public,"fastq,sra","gs,ncbi,s3","gs.US,ncbi.public,s3.us-east-1",SRX3451129,Estonia,Europe,Estonia,brown trout,Illumina MiSeq,missing,H1_batch2,PAIRED,PCR,METAGENOMIC,fish gut metagenome,ILLUMINA,2017-12-06T00:00:00Z,batch2_Preedi_119,SRP126256,temperate decidious forest,freshwater river,intestine,,
SRR6354426,AMPLICON,502,19288346,PRJNA388139,SAMN08136073,"MIMARKS.survey,MIGS/MIMS/MIMARKS.host-associated",12253400,UNIVERSITY OF TARTU,Sep-13,public,"fastq,sra","gs,ncbi,s3","gs.US,ncbi.public,s3.us-east-1",SRX3451126,Estonia,Europe,Estonia,brown trout,Illumina MiSeq,missing,G9_batch2,PAIRED,PCR,METAGENOMIC,fish gut metagenome,ILLUMINA,2017-12-06T00:00:00Z,batch2_Vodja_122,SRP126256,temperate decidious forest,freshwater river,intestine,,
SRR6354427,AMPLICON,502,12834634,PRJNA388139,SAMN08136064,"MIMARKS.survey,MIGS/MIMS/MIMARKS.host-associated",8057362,UNIVERSITY OF TARTU,Sep-13,public,"fastq,sra","gs,ncbi,s3","gs.US,ncbi.public,s3.us-east-1",SRX3451125,Estonia,Europe,Estonia,brown trout,Illumina MiSeq,missing,A2_batch2,PAIRED,PCR,METAGENOMIC,fish gut metagenome,ILLUMINA,2017-12-06T00:00:00Z,batch2_Vodja_131,SRP126256,temperate decidious forest,freshwater river,intestine,,
SRR6354428,AMPLICON,502,10899424,PRJNA388139,SAMN08136065,"MIMARKS.survey,MIGS/MIMS/MIMARKS.host-associated",6706213,UNIVERSITY OF TARTU,Sep-13,public,"fastq,sra","gs,ncbi,s3","gs.US,ncbi.public,s3.us-east-1",SRX3451124,Estonia,Europe,Estonia,brown trout,Illumina MiSeq,missing,A8_batch2,PAIRED,PCR,METAGENOMIC,fish gut metagenome,ILLUMINA,2017-12-06T00:00:00Z,batch2_Vodja_125,SRP126256,temperate decidious forest,freshwater river,intestine,,
SRR6354429,AMPLICON,502,56354018,PRJNA388139,SAMN08136066,"MIMARKS.survey,MIGS/MIMS/MIMARKS.host-associated",35378247,UNIVERSITY OF TARTU,Sep-13,public,"fastq,sra","gs,ncbi,s3","gs.US,ncbi.public,s3.us-east-1",SRX3451123,Estonia,Europe,Estonia,brown trout,Illumina MiSeq,missing,B5_batch2,PAIRED,PCR,METAGENOMIC,fish gut metagenome,ILLUMINA,2017-12-06T00:00:00Z,batch2_Vodja_128,SRP126256,temperate decidious forest,freshwater river,intestine,,
SRR6354431,AMPLICON,502,56225004,PRJNA388139,SAMN08136068,"MIMARKS.survey,MIGS/MIMS/MIMARKS.host-associated",32364238,UNIVERSITY OF TARTU,Sep-13,public,"fastq,sra","gs,ncbi,s3","gs.US,ncbi.public,s3.us-east-1",SRX3451121,Estonia,Europe,Estonia,brown trout,Illumina MiSeq,missing,C5_batch1,PAIRED,PCR,METAGENOMIC,fish gut metagenome,ILLUMINA,2017-12-06T00:00:00Z,batch1_Vodja_130_2,SRP126256,temperate decidious forest,freshwater river,intestine,,
SRR6354436,AMPLICON,502,19172886,PRJNA388139,SAMN08136014,"MIMARKS.survey,MIGS/MIMS/MIMARKS.host-associated",12123140,UNIVERSITY OF TARTU,Sep-13,public,"fastq,sra","gs,ncbi,s3","gs.US,ncbi.public,s3.us-east-1",SRX3451116,Estonia,Europe,Estonia,brown trout,Illumina MiSeq,missing,E10_batch2,PAIRED,PCR,METAGENOMIC,fish gut metagenome,ILLUMINA,2017-12-06T00:00:00Z,batch2_Pudisoo_94,SRP126256,temperate decidious forest,freshwater river,intestine,,
SRR6354438,AMPLICON,502,40846234,PRJNA388139,SAMN08136016,"MIMARKS.survey,MIGS/MIMS/MIMARKS.host-associated",24223262,UNIVERSITY OF TARTU,Sep-13,public,"fastq,sra","gs,ncbi,s3","gs.US,ncbi.public,s3.us-east-1",SRX3451114,Estonia,Europe,Estonia,brown trout,Illumina MiSeq,missing,F3_batch4,PAIRED,PCR,METAGENOMIC,fish gut metagenome,ILLUMINA,2017-12-06T00:00:00Z,batch4_Pudisoo_91,SRP126256,temperate decidious forest,freshwater river,intestine,,
SRR6354441,AMPLICON,502,255171118,PRJNA388139,SAMN08136021,"MIMARKS.survey,MIGS/MIMS/MIMARKS.host-associated",148796539,UNIVERSITY OF TARTU,Sep-13,public,"fastq,sra","gs,ncbi,s3","gs.US,ncbi.public,s3.us-east-1",SRX3451111,Estonia,Europe,Estonia,brown trout,Illumina MiSeq,missing,C7_batch5,PAIRED,PCR,METAGENOMIC,fish gut metagenome,ILLUMINA,2017-12-06T00:00:00Z,batch5_Selja_64,SRP126256,temperate decidious forest,freshwater river,intestine,,
SRR6354442,AMPLICON,502,45720654,PRJNA388139,SAMN08136020,"MIMARKS.survey,MIGS/MIMS/MIMARKS.host-associated",29894209,UNIVERSITY OF TARTU,Sep-13,public,"fastq,sra","gs,ncbi,s3","gs.US,ncbi.public,s3.us-east-1",SRX3451110,Estonia,Europe,Estonia,brown trout,Illumina MiSeq,missing,A3_batch2,PAIRED,PCR,METAGENOMIC,fish gut metagenome,ILLUMINA,2017-12-06T00:00:00Z,batch2_Selja_70,SRP126256,temperate decidious forest,freshwater river,intestine,,
SRR6354444,AMPLICON,502,35447224,PRJNA388139,SAMN08136062,"MIMARKS.survey,MIGS/MIMS/MIMARKS.host-associated",22986784,UNIVERSITY OF TARTU,Sep-13,public,"fastq,sra","gs,ncbi,s3","gs.US,ncbi.public,s3.us-east-1",SRX3451108,Estonia,Europe,Estonia,brown trout,Illumina MiSeq,missing,H3_batch2,PAIRED,PCR,METAGENOMIC,fish gut metagenome,ILLUMINA,2017-12-06T00:00:00Z,batch2_Vainupea_33,SRP126256,temperate decidious forest,freshwater river,intestine,,
SRR6354445,AMPLICON,502,31645578,PRJNA388139,SAMN08136061,"MIMARKS.survey,MIGS/MIMS/MIMARKS.host-associated",20556046,UNIVERSITY OF TARTU,Sep-13,public,"fastq,sra","gs,ncbi,s3","gs.US,ncbi.public,s3.us-east-1",SRX3451107,Estonia,Europe,Estonia,brown trout,Illumina MiSeq,missing,G3_batch2,PAIRED,PCR,METAGENOMIC,fish gut metagenome,ILLUMINA,2017-12-06T00:00:00Z,batch2_Vainupea_27,SRP126256,temperate decidious forest,freshwater river,intestine,,
SRR6354448,AMPLICON,502,33205292,PRJNA388139,SAMN08136058,"MIMARKS.survey,MIGS/MIMS/MIMARKS.host-associated",18923733,UNIVERSITY OF TARTU,Sep-13,public,"fastq,sra","gs,ncbi,s3","gs.US,ncbi.public,s3.us-east-1",SRX3451104,Estonia,Europe,Estonia,brown trout,Illumina MiSeq,missing,F5_batch1,PAIRED,PCR,METAGENOMIC,fish gut metagenome,ILLUMINA,2017-12-06T00:00:00Z,batch1_Vainupea_32,SRP126256,temperate decidious forest,freshwater river,intestine,,
SRR6354449,AMPLICON,502,14902874,PRJNA388139,SAMN08136057,"MIMARKS.survey,MIGS/MIMS/MIMARKS.host-associated",9555360,UNIVERSITY OF TARTU,Sep-13,public,"fastq,sra","gs,ncbi,s3","gs.US,ncbi.public,s3.us-east-1",SRX3451103,Estonia,Europe,Estonia,brown trout,Illumina MiSeq,missing,E7_batch2,PAIRED,PCR,METAGENOMIC,fish gut metagenome,ILLUMINA,2017-12-06T00:00:00Z,batch2_Vainupea_31,SRP126256,temperate decidious forest,freshwater river,intestine,,
SRR6354450,AMPLICON,502,33140032,PRJNA388139,SAMN08136056,"MIMARKS.survey,MIGS/MIMS/MIMARKS.host-associated",21299996,UNIVERSITY OF TARTU,Sep-13,public,"fastq,sra","gs,ncbi,s3","gs.US,ncbi.public,s3.us-east-1",SRX3451102,Estonia,Europe,Estonia,brown trout,Illumina MiSeq,missing,E5_batch2,PAIRED,PCR,METAGENOMIC,fish gut metagenome,ILLUMINA,2017-12-06T00:00:00Z,batch2_Vainupea_26,SRP126256,temperate decidious forest,freshwater river,intestine,,
SRR6354451,AMPLICON,502,19759724,PRJNA388139,SAMN08136055,"MIMARKS.survey,MIGS/MIMS/MIMARKS.host-associated",12507284,UNIVERSITY OF TARTU,Sep-13,public,"fastq,sra","gs,ncbi,s3","gs.US,ncbi.public,s3.us-east-1",SRX3451101,Estonia,Europe,Estonia,brown trout,Illumina MiSeq,missing,E12_batch2,PAIRED,PCR,METAGENOMIC,fish gut metagenome,ILLUMINA,2017-12-06T00:00:00Z,batch2_Vainupea_32,SRP126256,temperate decidious forest,freshwater river,intestine,,
SRR6354452,AMPLICON,502,14317040,PRJNA388139,SAMN08136054,"MIMARKS.survey,MIGS/MIMS/MIMARKS.host-associated",8766771,UNIVERSITY OF TARTU,Sep-13,public,"fastq,sra","gs,ncbi,s3","gs.US,ncbi.public,s3.us-east-1",SRX3451100,Estonia,Europe,Estonia,brown trout,Illumina MiSeq,missing,C8_batch2,PAIRED,PCR,METAGENOMIC,fish gut metagenome,ILLUMINA,2017-12-06T00:00:00Z,batch2_Vainupea_29,SRP126256,temperate decidious forest,freshwater river,intestine,,
SRR6354453,AMPLICON,502,26425782,PRJNA388139,SAMN08136032,"MIMARKS.survey,MIGS/MIMS/MIMARKS.host-associated",14498472,UNIVERSITY OF TARTU,Sep-13,public,"fastq,sra","gs,ncbi,s3","gs.US,ncbi.public,s3.us-east-1",SRX3451099,Estonia,Europe,Estonia,brown trout,Illumina MiSeq,missing,A3_batch4,PAIRED,PCR,METAGENOMIC,fish gut metagenome,ILLUMINA,2017-12-06T00:00:00Z,batch4_Toolse_23,SRP126256,temperate decidious forest,freshwater river,intestine,,
SRR6354455,AMPLICON,502,43672996,PRJNA388139,SAMN08136026,"MIMARKS.survey,MIGS/MIMS/MIMARKS.host-associated",27843657,UNIVERSITY OF TARTU,Sep-13,public,"fastq,sra","gs,ncbi,s3","gs.US,ncbi.public,s3.us-east-1",SRX3451097,Estonia,Europe,Estonia,brown trout,Illumina MiSeq,missing,F1_batch2,PAIRED,PCR,METAGENOMIC,fish gut metagenome,ILLUMINA,2017-12-06T00:00:00Z,batch2_Selja_69,SRP126256,temperate decidious forest,freshwater river,intestine,,
SRR6354459,AMPLICON,502,45241244,PRJNA388139,SAMN08136030,"MIMARKS.survey,MIGS/MIMS/MIMARKS.host-associated",25243050,UNIVERSITY OF TARTU,Sep-13,public,"fastq,sra","gs,ncbi,s3","gs.US,ncbi.public,s3.us-east-1",SRX3451093,Estonia,Europe,Estonia,brown trout,Illumina MiSeq,missing,H5_batch1,PAIRED,PCR,METAGENOMIC,fish gut metagenome,ILLUMINA,2017-12-06T00:00:00Z,batch1_Selja_63,SRP126256,temperate decidious forest,freshwater river,intestine,,
SRR6354461,AMPLICON,502,60082874,PRJNA388139,SAMN08136028,"MIMARKS.survey,MIGS/MIMS/MIMARKS.host-associated",35071202,UNIVERSITY OF TARTU,Sep-13,public,"fastq,sra","gs,ncbi,s3","gs.US,ncbi.public,s3.us-east-1",SRX3451091,Estonia,Europe,Estonia,brown trout,Illumina MiSeq,missing,G6_batch5,PAIRED,PCR,METAGENOMIC,fish gut metagenome,ILLUMINA,2017-12-06T00:00:00Z,batch5_Selja_64_2,SRP126256,temperate decidious forest,freshwater river,intestine,,
SRR6354466,AMPLICON,502,41667506,PRJNA388139,SAMN08136038,"MIMARKS.survey,MIGS/MIMS/MIMARKS.host-associated",25838151,UNIVERSITY OF TARTU,Sep-13,public,"fastq,sra","gs,ncbi,s3","gs.US,ncbi.public,s3.us-east-1",SRX3451086,Estonia,Europe,Estonia,brown trout,Illumina MiSeq,missing,F3_batch2,PAIRED,PCR,METAGENOMIC,fish gut metagenome,ILLUMINA,2017-12-06T00:00:00Z,batch2_Toolse_20,SRP126256,temperate decidious forest,freshwater river,intestine,,
SRR6354469,AMPLICON,502,49828520,PRJNA388139,SAMN08136035,"MIMARKS.survey,MIGS/MIMS/MIMARKS.host-associated",30228323,UNIVERSITY OF TARTU,Sep-13,public,"fastq,sra","gs,ncbi,s3","gs.US,ncbi.public,s3.us-east-1",SRX3451083,Estonia,Europe,Estonia,brown trout,Illumina MiSeq,missing,D4_batch2,PAIRED,PCR,METAGENOMIC,fish gut metagenome,ILLUMINA,2017-12-06T00:00:00Z,batch2_Toolse_17,SRP126256,temperate decidious forest,freshwater river,intestine,,
SRR6354470,AMPLICON,502,67238382,PRJNA388139,SAMN08136034,"MIMARKS.survey,MIGS/MIMS/MIMARKS.host-associated",41994945,UNIVERSITY OF TARTU,Sep-13,public,"fastq,sra","gs,ncbi,s3","gs.US,ncbi.public,s3.us-east-1",SRX3451082,Estonia,Europe,Estonia,brown trout,Illumina MiSeq,missing,C4_batch2,PAIRED,PCR,METAGENOMIC,fish gut metagenome,ILLUMINA,2017-12-06T00:00:00Z,batch2_Toolse_13,SRP126256,temperate decidious forest,freshwater river,intestine,,
SRR6354471,AMPLICON,502,49361158,PRJNA388139,SAMN08136043,"MIMARKS.survey,MIGS/MIMS/MIMARKS.host-associated",28432329,UNIVERSITY OF TARTU,Sep-13,public,"fastq,sra","gs,ncbi,s3","gs.US,ncbi.public,s3.us-east-1",SRX3451081,Estonia,Europe,Estonia,brown trout,Illumina MiSeq,missing,A5_batch1,PAIRED,PCR,METAGENOMIC,fish gut metagenome,ILLUMINA,2017-12-06T00:00:00Z,batch1_Voesu_83,SRP126256,temperate decidious forest,freshwater river,intestine,,
SRR6354472,AMPLICON,502,17414380,PRJNA388139,SAMN08136042,"MIMARKS.survey,MIGS/MIMS/MIMARKS.host-associated",10759040,UNIVERSITY OF TARTU,Sep-13,public,"fastq,sra","gs,ncbi,s3","gs.US,ncbi.public,s3.us-east-1",SRX3451080,Estonia,Europe,Estonia,brown trout,Illumina MiSeq,missing,H9_batch2,PAIRED,PCR,METAGENOMIC,fish gut metagenome,ILLUMINA,2017-12-06T00:00:00Z,batch2_Toolse_16,SRP126256,temperate decidious forest,freshwater river,intestine,,
SRR6354473,AMPLICON,502,97799138,PRJNA388139,SAMN08135962,"MIMARKS.survey,MIGS/MIMS/MIMARKS.host-associated",62762304,UNIVERSITY OF TARTU,Sep-13,public,"fastq,sra","gs,ncbi,s3","gs.US,ncbi.public,s3.us-east-1",SRX3451079,Estonia,Europe,Estonia,brown trout,Illumina MiSeq,missing,F2_batch2,PAIRED,PCR,METAGENOMIC,fish gut metagenome,ILLUMINA,2017-12-06T00:00:00Z,batch2_Altja_56,SRP126256,temperate decidious forest,freshwater river,intestine,,
SRR6354474,AMPLICON,502,42195610,PRJNA388139,SAMN08135963,"MIMARKS.survey,MIGS/MIMS/MIMARKS.host-associated",27217213,UNIVERSITY OF TARTU,Sep-13,public,"fastq,sra","gs,ncbi,s3","gs.US,ncbi.public,s3.us-east-1",SRX3451078,Estonia,Europe,Estonia,brown trout,Illumina MiSeq,missing,F5_batch2,PAIRED,PCR,METAGENOMIC,fish gut metagenome,ILLUMINA,2017-12-06T00:00:00Z,batch2_Altja_57,SRP126256,temperate decidious forest,freshwater river,intestine,,
SRR6354475,AMPLICON,502,53200956,PRJNA388139,SAMN08135958,"MIMARKS.survey,MIGS/MIMS/MIMARKS.host-associated",33729552,UNIVERSITY OF TARTU,Sep-13,public,"fastq,sra","gs,ncbi,s3","gs.US,ncbi.public,s3.us-east-1",SRX3451077,Estonia,Europe,Estonia,brown trout,Illumina MiSeq,missing,E2_batch2,PAIRED,PCR,METAGENOMIC,fish gut metagenome,ILLUMINA,2017-12-06T00:00:00Z,batch2_Altja_51,SRP126256,temperate decidious forest,freshwater river,intestine,,
SRR6354477,AMPLICON,502,117796308,PRJNA388139,SAMN08135960,"MIMARKS.survey,MIGS/MIMS/MIMARKS.host-associated",74888307,UNIVERSITY OF TARTU,Sep-13,public,"fastq,sra","gs,ncbi,s3","gs.US,ncbi.public,s3.us-east-1",SRX3451075,Estonia,Europe,Estonia,brown trout,Illumina MiSeq,missing,E6_batch2,PAIRED,PCR,METAGENOMIC,fish gut metagenome,ILLUMINA,2017-12-06T00:00:00Z,batch2_Altja_58,SRP126256,temperate decidious forest,freshwater river,intestine,,
SRR6354479,AMPLICON,502,19777796,PRJNA388139,SAMN08135954,"MIMARKS.survey,MIGS/MIMS/MIMARKS.host-associated",12711318,UNIVERSITY OF TARTU,Sep-13,public,"fastq,sra","gs,ncbi,s3","gs.US,ncbi.public,s3.us-east-1",SRX3451073,Estonia,Europe,Estonia,brown trout,Illumina MiSeq,missing,A10_batch2,PAIRED,PCR,METAGENOMIC,fish gut metagenome,ILLUMINA,2017-12-06T00:00:00Z,batch2_Altja_52,SRP126256,temperate decidious forest,freshwater river,intestine,,River
SRR6354480,AMPLICON,502,24501114,PRJNA388139,SAMN08135955,"MIMARKS.survey,MIGS/MIMS/MIMARKS.host-associated",15440820,UNIVERSITY OF TARTU,Sep-13,public,"fastq,sra","gs,ncbi,s3","gs.US,ncbi.public,s3.us-east-1",SRX3451072,Estonia,Europe,Estonia,brown trout,Illumina MiSeq,missing,B12_batch2,PAIRED,PCR,METAGENOMIC,fish gut metagenome,ILLUMINA,2017-12-06T00:00:00Z,batch2_Altja_55,SRP126256,temperate decidious forest,freshwater river,intestine,,
SRR6354482,AMPLICON,502,68727314,PRJNA388139,SAMN08135957,"MIMARKS.survey,MIGS/MIMS/MIMARKS.host-associated",43548090,UNIVERSITY OF TARTU,Sep-13,public,"fastq,sra","gs,ncbi,s3","gs.US,ncbi.public,s3.us-east-1",SRX3451070,Estonia,Europe,Estonia,brown trout,Illumina MiSeq,missing,D1_batch2,PAIRED,PCR,METAGENOMIC,fish gut metagenome,ILLUMINA,2017-12-06T00:00:00Z,batch2_Altja_50,SRP126256,temperate decidious forest,freshwater river,intestine,,
SRR6354483,AMPLICON,502,12773892,PRJNA388139,SAMN08136075,"MIMARKS.survey,MIGS/MIMS/MIMARKS.host-associated",8065236,UNIVERSITY OF TARTU,Sep-13,public,"fastq,sra","gs,ncbi,s3","gs.US,ncbi.public,s3.us-east-1",SRX3451069,Estonia,Europe,Estonia,brown trout,Illumina MiSeq,missing,H7_batch2,PAIRED,PCR,METAGENOMIC,fish gut metagenome,ILLUMINA,2017-12-06T00:00:00Z,batch2_Vodja_126,SRP126256,temperate decidious forest,freshwater river,intestine,,
SRR6354485,AMPLICON,502,100548090,PRJNA388139,SAMN08136044,"MIMARKS.survey,MIGS/MIMS/MIMARKS.host-associated",63275097,UNIVERSITY OF TARTU,Sep-13,public,"fastq,sra","gs,ncbi,s3","gs.US,ncbi.public,s3.us-east-1",SRX3451067,Estonia,Europe,Estonia,brown trout,Illumina MiSeq,missing,B6_batch2,PAIRED,PCR,METAGENOMIC,fish gut metagenome,ILLUMINA,2017-12-06T00:00:00Z,batch2_Voesu_86,SRP126256,temperate decidious forest,freshwater river,intestine,,
SRR6354486,AMPLICON,502,25626598,PRJNA388139,SAMN08136045,"MIMARKS.survey,MIGS/MIMS/MIMARKS.host-associated",15760669,UNIVERSITY OF TARTU,Sep-13,public,"fastq,sra","gs,ncbi,s3","gs.US,ncbi.public,s3.us-east-1",SRX3451066,Estonia,Europe,Estonia,brown trout,Illumina MiSeq,missing,C10_batch2,PAIRED,PCR,METAGENOMIC,fish gut metagenome,ILLUMINA,2017-12-06T00:00:00Z,batch2_Voesu_81,SRP126256,temperate decidious forest,freshwater river,intestine,,
SRR6354488,AMPLICON,502,106967666,PRJNA388139,SAMN08136047,"MIMARKS.survey,MIGS/MIMS/MIMARKS.host-associated",69397113,UNIVERSITY OF TARTU,Sep-13,public,"fastq,sra","gs,ncbi,s3","gs.US,ncbi.public,s3.us-east-1",SRX3451064,Estonia,Europe,Estonia,brown trout,Illumina MiSeq,missing,F6_batch2,PAIRED,PCR,METAGENOMIC,fish gut metagenome,ILLUMINA,2017-12-06T00:00:00Z,batch2_Voesu_87,SRP126256,temperate decidious forest,freshwater river,intestine,,
SRR6354489,AMPLICON,502,57749076,PRJNA388139,SAMN08136048,"MIMARKS.survey,MIGS/MIMS/MIMARKS.host-associated",36920580,UNIVERSITY OF TARTU,Sep-13,public,"fastq,sra","gs,ncbi,s3","gs.US,ncbi.public,s3.us-east-1",SRX3451063,Estonia,Europe,Estonia,brown trout,Illumina MiSeq,missing,G1_batch2,PAIRED,PCR,METAGENOMIC,fish gut metagenome,ILLUMINA,2017-12-06T00:00:00Z,batch2_Voesu_85,SRP126256,temperate decidious forest,freshwater river,intestine,,
SRR6354490,AMPLICON,502,20003696,PRJNA388139,SAMN08136049,"MIMARKS.survey,MIGS/MIMS/MIMARKS.host-associated",12511708,UNIVERSITY OF TARTU,Sep-13,public,"fastq,sra","gs,ncbi,s3","gs.US,ncbi.public,s3.us-east-1",SRX3451062,Estonia,Europe,Estonia,brown trout,Illumina MiSeq,missing,G8_batch2,PAIRED,PCR,METAGENOMIC,fish gut metagenome,ILLUMINA,2017-12-06T00:00:00Z,batch2_Voesu_82,SRP126256,temperate decidious forest,freshwater river,intestine,,
SRR6354491,AMPLICON,502,38496874,PRJNA388139,SAMN08136050,"MIMARKS.survey,MIGS/MIMS/MIMARKS.host-associated",24733796,UNIVERSITY OF TARTU,Sep-13,public,"fastq,sra","gs,ncbi,s3","gs.US,ncbi.public,s3.us-east-1",SRX3451061,Estonia,Europe,Estonia,brown trout,Illumina MiSeq,missing,A1_batch2,PAIRED,PCR,METAGENOMIC,fish gut metagenome,ILLUMINA,2017-12-06T00:00:00Z,batch2_Vainupea_25,SRP126256,temperate decidious forest,freshwater river,intestine,,
SRR6354494,AMPLICON,502,69039056,PRJNA388139,SAMN08136053,"MIMARKS.survey,MIGS/MIMS/MIMARKS.host-associated",42523460,UNIVERSITY OF TARTU,Sep-13,public,"fastq,sra","gs,ncbi,s3","gs.US,ncbi.public,s3.us-east-1",SRX3451058,Estonia,Europe,Estonia,brown trout,Illumina MiSeq,missing,C6_batch2,PAIRED,PCR,METAGENOMIC,fish gut metagenome,ILLUMINA,2017-12-06T00:00:00Z,batch2_Vainupea_30,SRP126256,temperate decidious forest,freshwater river,intestine,,
SRR6354497,AMPLICON,502,14624766,PRJNA388139,SAMN08135964,"MIMARKS.survey,MIGS/MIMS/MIMARKS.host-associated",8999809,UNIVERSITY OF TARTU,Sep-13,public,"fastq,sra","gs,ncbi,s3","gs.US,ncbi.public,s3.us-east-1",SRX3451055,Estonia,Europe,Estonia,brown trout,Illumina MiSeq,missing,F8_batch2,PAIRED,PCR,METAGENOMIC,fish gut metagenome,ILLUMINA,2017-12-06T00:00:00Z,batch2_Altja_60,SRP126256,temperate decidious forest,freshwater river,intestine,,
SRR6354498,AMPLICON,502,15193532,PRJNA388139,SAMN08135965,"MIMARKS.survey,MIGS/MIMS/MIMARKS.host-associated",9476875,UNIVERSITY OF TARTU,Sep-13,public,"fastq,sra","gs,ncbi,s3","gs.US,ncbi.public,s3.us-east-1",SRX3451054,Estonia,Europe,Estonia,brown trout,Illumina MiSeq,missing,F9_batch2,PAIRED,PCR,METAGENOMIC,fish gut metagenome,ILLUMINA,2017-12-06T00:00:00Z,batch2_Altja_54,SRP126256,temperate decidious forest,freshwater river,intestine,,
SRR6354500,AMPLICON,502,236624728,PRJNA388139,SAMN08135967,"MIMARKS.survey,MIGS/MIMS/MIMARKS.host-associated",138149423,UNIVERSITY OF TARTU,Sep-13,public,"fastq,sra","gs,ncbi,s3","gs.US,ncbi.public,s3.us-east-1",SRX3451052,Estonia,Europe,Estonia,brown trout,Illumina MiSeq,missing,A7_batch5,PAIRED,PCR,METAGENOMIC,fish gut metagenome,ILLUMINA,2017-12-06T00:00:00Z,batch5_Mustoja_40,SRP126256,temperate decidious forest,freshwater river,intestine,,
SRR6354504,AMPLICON,502,305171322,PRJNA388139,SAMN08135971,"MIMARKS.survey,MIGS/MIMS/MIMARKS.host-associated",179143123,UNIVERSITY OF TARTU,Sep-13,public,"fastq,sra","gs,ncbi,s3","gs.US,ncbi.public,s3.us-east-1",SRX3451048,Estonia,Europe,Estonia,brown trout,Illumina MiSeq,missing,D7_batch5,PAIRED,PCR,METAGENOMIC,fish gut metagenome,ILLUMINA,2017-12-06T00:00:00Z,batch5_Mustoja_48,SRP126256,temperate decidious forest,freshwater river,intestine,,
SRR6354492,AMPLICON,502,258976780,PRJNA388139,SAMN08136051,"MIMARKS.survey,MIGS/MIMS/MIMARKS.host-associated",150023522,UNIVERSITY OF TARTU,Sep-13,public,"fastq,sra","gs,ncbi,s3","gs.US,ncbi.public,s3.us-east-1",SRX3451060,Estonia,Europe,Estonia,brown trout,Illumina MiSeq,missing,B7_batch5,PAIRED,PCR,METAGENOMIC,fish gut metagenome,ILLUMINA,2017-12-06T00:00:00Z,batch5_Vainupea_35,SRP126256,temperate decidious forest,freshwater river,intestine,,
SRR6354425,AMPLICON,502,23662272,PRJNA388139,SAMN08136072,"MIMARKS.survey,MIGS/MIMS/MIMARKS.host-associated",14958912,UNIVERSITY OF TARTU,Sep-13,public,"fastq,sra","gs,ncbi,s3","ncbi.public,gs.US,s3.us-east-1",SRX3451127,Estonia,Europe,Estonia,brown trout,Illumina MiSeq,missing,G11_batch2,PAIRED,PCR,METAGENOMIC,fish gut metagenome,ILLUMINA,2017-12-06T00:00:00Z,batch2_Vodja_129,SRP126256,temperate decidious forest,freshwater river,intestine,,
SRR6354389,AMPLICON,502,59937796,PRJNA388139,SAMN08135977,"MIMARKS.survey,MIGS/MIMS/MIMARKS.host-associated",38905081,UNIVERSITY OF TARTU,Sep-13,public,"fastq,sra","gs,ncbi,s3","gs.US,s3.us-east-1,ncbi.public",SRX3451163,Estonia,Europe,Estonia,brown trout,Illumina MiSeq,missing,F4_batch2,PAIRED,PCR,METAGENOMIC,fish gut metagenome,ILLUMINA,2017-12-06T00:00:00Z,batch2_Mustoja_44,SRP126256,temperate decidious forest,freshwater river,intestine,,
SRR6354390,AMPLICON,502,18398300,PRJNA388139,SAMN08135976,"MIMARKS.survey,MIGS/MIMS/MIMARKS.host-associated",11420503,UNIVERSITY OF TARTU,Sep-13,public,"fastq,sra","s3,ncbi,gs","gs.US,ncbi.public,s3.us-east-1",SRX3451162,Estonia,Europe,Estonia,brown trout,Illumina MiSeq,missing,F12_batch2,PAIRED,PCR,METAGENOMIC,fish gut metagenome,ILLUMINA,2017-12-06T00:00:00Z,batch2_Mustoja_43,SRP126256,temperate decidious forest,freshwater river,intestine,,
SRR6354391,AMPLICON,502,34566214,PRJNA388139,SAMN08135983,"MIMARKS.survey,MIGS/MIMS/MIMARKS.host-associated",21912214,UNIVERSITY OF TARTU,Sep-13,public,"sra,fastq","ncbi,gs,s3","ncbi.public,s3.us-east-1,gs.US",SRX3451161,Estonia,Europe,Estonia,brown trout,Illumina MiSeq,missing,A4_batch2,PAIRED,PCR,METAGENOMIC,fish gut metagenome,ILLUMINA,2017-12-06T00:00:00Z,batch2_Pada_10,SRP126256,temperate decidious forest,freshwater river,intestine,,
SRR6354399,AMPLICON,502,21447448,PRJNA388139,SAMN08135984,"MIMARKS.survey,MIGS/MIMS/MIMARKS.host-associated",13393160,UNIVERSITY OF TARTU,Sep-13,public,"fastq,sra","ncbi,gs,s3","s3.us-east-1,ncbi.public,gs.US",SRX3451153,Estonia,Europe,Estonia,brown trout,Illumina MiSeq,missing,A7_batch2,PAIRED,PCR,METAGENOMIC,fish gut metagenome,ILLUMINA,2017-12-06T00:00:00Z,batch2_Pada_6,SRP126256,temperate decidious forest,freshwater river,intestine,,
SRR6354403,AMPLICON,502,47656366,PRJNA388139,SAMN08135997,"MIMARKS.survey,MIGS/MIMS/MIMARKS.host-associated",30178502,UNIVERSITY OF TARTU,Sep-13,public,"sra,fastq","s3,ncbi,gs","ncbi.public,gs.US,s3.us-east-1",SRX3451149,Estonia,Europe,Estonia,brown trout,Illumina MiSeq,missing,B1_batch2,PAIRED,PCR,METAGENOMIC,fish gut metagenome,ILLUMINA,2017-12-06T00:00:00Z,batch2_Preedi_116,SRP126256,temperate decidious forest,freshwater river,intestine,,
SRR6354408,AMPLICON,502,24431336,PRJNA388139,SAMN08136000,"MIMARKS.survey,MIGS/MIMS/MIMARKS.host-associated",15073261,UNIVERSITY OF TARTU,Sep-13,public,"fastq,sra","gs,ncbi,s3","gs.US,ncbi.public,s3.us-east-1",SRX3451144,Estonia,Europe,Estonia,brown trout,Illumina MiSeq,missing,B7_batch2,PAIRED,PCR,METAGENOMIC,fish gut metagenome,ILLUMINA,2017-12-06T00:00:00Z,batch2_Preedi_114,SRP126256,temperate decidious forest,freshwater river,intestine,,
SRR6354410,AMPLICON,502,20672862,PRJNA388139,SAMN08135998,"MIMARKS.survey,MIGS/MIMS/MIMARKS.host-associated",13141973,UNIVERSITY OF TARTU,Sep-13,public,"fastq,sra","s3,ncbi,gs","gs.US,s3.us-east-1,ncbi.public",SRX3451142,Estonia,Europe,Estonia,brown trout,Illumina MiSeq,missing,B10_batch2,PAIRED,PCR,METAGENOMIC,fish gut metagenome,ILLUMINA,2017-12-06T00:00:00Z,batch2_Preedi_111,SRP126256,temperate decidious forest,freshwater river,intestine,,
SRR6354446,AMPLICON,502,151445870,PRJNA388139,SAMN08136060,"MIMARKS.survey,MIGS/MIMS/MIMARKS.host-associated",86673294,UNIVERSITY OF TARTU,Sep-13,public,"fastq,sra","ncbi,s3,gs","s3.us-east-1,ncbi.public,gs.US",SRX3451106,Estonia,Europe,Estonia,brown trout,Illumina MiSeq,missing,F7_batch5,PAIRED,PCR,METAGENOMIC,fish gut metagenome,ILLUMINA,2017-12-06T00:00:00Z,batch5_Vainupea_35_3,SRP126256,temperate decidious forest,freshwater river,intestine,,
SRR6354366,AMPLICON,502,56909732,PRJNA388139,SAMN08136119,Metagenome or environmental,31910783,UNIVERSITY OF TARTU,Sep-13,public,"sra,fastq","ncbi,s3,gs","gs.US,ncbi.public,s3.us-east-1",SRX3451034,Estonia,Europe,Estonia: Vainupea river,non,Illumina MiSeq,missing,H1-batch1,PAIRED,PCR,METAGENOMIC,fish gut metagenome,ILLUMINA,2017-12-06T00:00:00Z,batch1_Vainupea_River_3,SRP126256,,,,river water,
SRR6354370,AMPLICON,502,104673024,PRJNA388139,SAMN08136115,Metagenome or environmental,58309051,UNIVERSITY OF TARTU,Sep-13,public,"fastq,sra","gs,ncbi,s3","ncbi.public,s3.us-east-1,gs.US",SRX3451030,Estonia,Europe,Estonia: Voesu river,non,Illumina MiSeq,missing,D3-batch1,PAIRED,PCR,METAGENOMIC,fish gut metagenome,ILLUMINA,2017-12-06T00:00:00Z,batch1_Voesu_River_2,SRP126256,,,,river water,
SRR6354380,AMPLICON,502,59140620,PRJNA388139,SAMN08136096,Metagenome or environmental,32543115,UNIVERSITY OF TARTU,Sep-13,public,"sra,fastq","ncbi,gs,s3","s3.us-east-1,ncbi.public,gs.US",SRX3451020,Estonia,Europe,Estonia: Mustoja river,non,Illumina MiSeq,missing,B2-batch1,PAIRED,PCR,METAGENOMIC,fish gut metagenome,ILLUMINA,2017-12-06T00:00:00Z,batch1_Mustoja_River_1,SRP126256,,,,river water,
SRR6354381,AMPLICON,502,43433040,PRJNA388139,SAMN08136093,Metagenome or environmental,24391354,UNIVERSITY OF TARTU,Sep-13,public,"fastq,sra","ncbi,gs,s3","ncbi.public,s3.us-east-1,gs.US",SRX3451019,Estonia,Europe,Estonia: Altja river,non,Illumina MiSeq,missing,E2-batch1,PAIRED,PCR,METAGENOMIC,fish gut metagenome,ILLUMINA,2017-12-06T00:00:00Z,batch1_Altja_River_1,SRP126256,,,,river water,
SRR6354382,AMPLICON,502,55991574,PRJNA388139,SAMN08136094,Metagenome or environmental,30708158,UNIVERSITY OF TARTU,Sep-13,public,"fastq,sra","s3,gs,ncbi","s3.us-east-1,ncbi.public,gs.US",SRX3451018,Estonia,Europe,Estonia: Altja river,non,Illumina MiSeq,missing,F2-batch1,PAIRED,PCR,METAGENOMIC,fish gut metagenome,ILLUMINA,2017-12-06T00:00:00Z,batch1_Altja_River_2,SRP126256,,,,river water,
SRR6354383,AMPLICON,502,127809200,PRJNA388139,SAMN08135979,"MIMARKS.survey,MIGS/MIMS/MIMARKS.host-associated",81543417,UNIVERSITY OF TARTU,Sep-13,public,"fastq,sra","s3,ncbi,gs","ncbi.public,s3.us-east-1,gs.US",SRX3451169,Estonia,Europe,Estonia,brown trout,Illumina MiSeq,missing,G6_batch2,PAIRED,PCR,METAGENOMIC,fish gut metagenome,ILLUMINA,2017-12-06T00:00:00Z,batch2_Mustoja_47,SRP126256,temperate decidious forest,freshwater river,intestine,,
SRR6354388,AMPLICON,502,158088836,PRJNA388139,SAMN08135974,"MIMARKS.survey,MIGS/MIMS/MIMARKS.host-associated",90983820,UNIVERSITY OF TARTU,Sep-13,public,"sra,fastq","ncbi,s3,gs","s3.us-east-1,gs.US,ncbi.public",SRX3451164,Estonia,Europe,Estonia,brown trout,Illumina MiSeq,missing,E7_batch5,PAIRED,PCR,METAGENOMIC,fish gut metagenome,ILLUMINA,2017-12-06T00:00:00Z,batch5_Mustoja_40_3,SRP126256,temperate decidious forest,freshwater river,intestine,,
SRR6354394,AMPLICON,502,49926410,PRJNA388139,SAMN08135991,"MIMARKS.survey,MIGS/MIMS/MIMARKS.host-associated",26560110,UNIVERSITY OF TARTU,Sep-13,public,"fastq,sra","ncbi,s3,gs","s3.us-east-1,ncbi.public,gs.US",SRX3451158,Estonia,Europe,Estonia,brown trout,Illumina MiSeq,missing,D3_batch4,PAIRED,PCR,METAGENOMIC,fish gut metagenome,ILLUMINA,2017-12-06T00:00:00Z,batch4_Pada_2,SRP126256,temperate decidious forest,freshwater river,intestine,,
SRR6354398,AMPLICON,502,17137778,PRJNA388139,SAMN08135987,"MIMARKS.survey,MIGS/MIMS/MIMARKS.host-associated",10465276,UNIVERSITY OF TARTU,Sep-13,public,"fastq,sra","s3,ncbi,gs","s3.us-east-1,gs.US,ncbi.public",SRX3451154,Estonia,Europe,Estonia,brown trout,Illumina MiSeq,missing,B8_batch2,PAIRED,PCR,METAGENOMIC,fish gut metagenome,ILLUMINA,2017-12-06T00:00:00Z,batch2_Pada_1,SRP126256,temperate decidious forest,freshwater river,intestine,,
SRR6354406,AMPLICON,502,41919510,PRJNA388139,SAMN08135994,"MIMARKS.survey,MIGS/MIMS/MIMARKS.host-associated",23502352,UNIVERSITY OF TARTU,Sep-13,public,"fastq,sra","ncbi,s3,gs","gs.US,ncbi.public,s3.us-east-1",SRX3451146,Estonia,Europe,Estonia,brown trout,Illumina MiSeq,missing,E5_batch1,PAIRED,PCR,METAGENOMIC,fish gut metagenome,ILLUMINA,2017-12-06T00:00:00Z,batch1_Pada_7,SRP126256,temperate decidious forest,freshwater river,intestine,,
SRR6354409,AMPLICON,502,43784942,PRJNA388139,SAMN08135999,"MIMARKS.survey,MIGS/MIMS/MIMARKS.host-associated",27686805,UNIVERSITY OF TARTU,Sep-13,public,"fastq,sra","s3,gs,ncbi","s3.us-east-1,ncbi.public,gs.US",SRX3451143,Estonia,Europe,Estonia,brown trout,Illumina MiSeq,missing,B3_batch2,PAIRED,PCR,METAGENOMIC,fish gut metagenome,ILLUMINA,2017-12-06T00:00:00Z,batch2_Preedi_110,SRP126256,temperate decidious forest,freshwater river,intestine,,
SRR6354413,AMPLICON,502,11418994,PRJNA388139,SAMN08136023,"MIMARKS.survey,MIGS/MIMS/MIMARKS.host-associated",7135927,UNIVERSITY OF TARTU,Sep-13,public,"sra,fastq","s3,gs,ncbi","s3.us-east-1,gs.US,ncbi.public",SRX3451139,Estonia,Europe,Estonia,brown trout,Illumina MiSeq,missing,D7_batch2,PAIRED,PCR,METAGENOMIC,fish gut metagenome,ILLUMINA,2017-12-06T00:00:00Z,batch2_Selja_68,SRP126256,temperate decidious forest,freshwater river,intestine,,
SRR6354415,AMPLICON,502,23471010,PRJNA388139,SAMN08136012,"MIMARKS.survey,MIGS/MIMS/MIMARKS.host-associated",14633496,UNIVERSITY OF TARTU,Sep-13,public,"fastq,sra","s3,gs,ncbi","gs.US,s3.us-east-1,ncbi.public",SRX3451137,Estonia,Europe,Estonia,brown trout,Illumina MiSeq,missing,C9_batch2,PAIRED,PCR,METAGENOMIC,fish gut metagenome,ILLUMINA,2017-12-06T00:00:00Z,batch2_Pudisoo_97,SRP126256,temperate decidious forest,freshwater river,intestine,,
SRR6354417,AMPLICON,502,38879900,PRJNA388139,SAMN08136008,"MIMARKS.survey,MIGS/MIMS/MIMARKS.host-associated",25591126,UNIVERSITY OF TARTU,Sep-13,public,"sra,fastq","s3,ncbi,gs","ncbi.public,s3.us-east-1,gs.US",SRX3451135,Estonia,Europe,Estonia,brown trout,Illumina MiSeq,missing,A12_batch2,PAIRED,PCR,METAGENOMIC,fish gut metagenome,ILLUMINA,2017-12-06T00:00:00Z,batch2_Pudisoo_91,SRP126256,temperate decidious forest,freshwater river,intestine,,
SRR6354419,AMPLICON,502,67202238,PRJNA388139,SAMN08136010,"MIMARKS.survey,MIGS/MIMS/MIMARKS.host-associated",37599706,UNIVERSITY OF TARTU,Sep-13,public,"fastq,sra","s3,gs,ncbi","s3.us-east-1,ncbi.public,gs.US",SRX3451133,Estonia,Europe,Estonia,brown trout,Illumina MiSeq,missing,B5_batch1,PAIRED,PCR,METAGENOMIC,fish gut metagenome,ILLUMINA,2017-12-06T00:00:00Z,batch1_Pudisoo_95,SRP126256,temperate decidious forest,freshwater river,intestine,,
SRR6354420,AMPLICON,502,15833582,PRJNA388139,SAMN08136011,"MIMARKS.survey,MIGS/MIMS/MIMARKS.host-associated",10057267,UNIVERSITY OF TARTU,Sep-13,public,"sra,fastq","ncbi,s3,gs","gs.US,ncbi.public,s3.us-east-1",SRX3451132,Estonia,Europe,Estonia,brown trout,Illumina MiSeq,missing,C7_batch2,PAIRED,PCR,METAGENOMIC,fish gut metagenome,ILLUMINA,2017-12-06T00:00:00Z,batch2_Pudisoo_96,SRP126256,temperate decidious forest,freshwater river,intestine,,
SRR6354422,AMPLICON,502,24593482,PRJNA388139,SAMN08136005,"MIMARKS.survey,MIGS/MIMS/MIMARKS.host-associated",14758469,UNIVERSITY OF TARTU,Sep-13,public,"fastq,sra","s3,gs,ncbi","gs.US,s3.us-east-1,ncbi.public",SRX3451130,Estonia,Europe,Estonia,brown trout,Illumina MiSeq,missing,G12_batch2,PAIRED,PCR,METAGENOMIC,fish gut metagenome,ILLUMINA,2017-12-06T00:00:00Z,batch2_Preedi_113,SRP126256,temperate decidious forest,freshwater river,intestine,,
SRR6354424,AMPLICON,502,39384410,PRJNA388139,SAMN08136007,"MIMARKS.survey,MIGS/MIMS/MIMARKS.host-associated",20951513,UNIVERSITY OF TARTU,Sep-13,public,"fastq,sra","ncbi,s3,gs","ncbi.public,s3.us-east-1,gs.US",SRX3451128,Estonia,Europe,Estonia,brown trout,Illumina MiSeq,missing,H3_batch4,PAIRED,PCR,METAGENOMIC,fish gut metagenome,ILLUMINA,2017-12-06T00:00:00Z,batch4_Preedi_113,SRP126256,temperate decidious forest,freshwater river,intestine,,
SRR6354430,AMPLICON,502,24667276,PRJNA388139,SAMN08136067,"MIMARKS.survey,MIGS/MIMS/MIMARKS.host-associated",15591296,UNIVERSITY OF TARTU,Sep-13,public,"sra,fastq","ncbi,s3,gs","ncbi.public,gs.US,s3.us-east-1",SRX3451122,Estonia,Europe,Estonia,brown trout,Illumina MiSeq,missing,C12_batch2,PAIRED,PCR,METAGENOMIC,fish gut metagenome,ILLUMINA,2017-12-06T00:00:00Z,batch2_Vodja_130,SRP126256,temperate decidious forest,freshwater river,intestine,,
SRR6354432,AMPLICON,502,151817852,PRJNA388139,SAMN08136069,"MIMARKS.survey,MIGS/MIMS/MIMARKS.host-associated",97524431,UNIVERSITY OF TARTU,Sep-13,public,"fastq,sra","gs,s3,ncbi","ncbi.public,s3.us-east-1,gs.US",SRX3451120,Estonia,Europe,Estonia,brown trout,Illumina MiSeq,missing,D3_batch2,PAIRED,PCR,METAGENOMIC,fish gut metagenome,ILLUMINA,2017-12-06T00:00:00Z,batch2_Vodja_132,SRP126256,temperate decidious forest,freshwater river,intestine,,
SRR6354433,AMPLICON,502,46221650,PRJNA388139,SAMN08136070,"MIMARKS.survey,MIGS/MIMS/MIMARKS.host-associated",28735371,UNIVERSITY OF TARTU,Sep-13,public,"fastq,sra","s3,gs,ncbi","gs.US,s3.us-east-1,ncbi.public",SRX3451119,Estonia,Europe,Estonia,brown trout,Illumina MiSeq,missing,D5_batch2,PAIRED,PCR,METAGENOMIC,fish gut metagenome,ILLUMINA,2017-12-06T00:00:00Z,batch2_Vodja_124,SRP126256,temperate decidious forest,freshwater river,intestine,,
SRR6354434,AMPLICON,502,21526262,PRJNA388139,SAMN08136071,"MIMARKS.survey,MIGS/MIMS/MIMARKS.host-associated",13258120,UNIVERSITY OF TARTU,Sep-13,public,"fastq,sra","ncbi,gs,s3","s3.us-east-1,ncbi.public,gs.US",SRX3451118,Estonia,Europe,Estonia,brown trout,Illumina MiSeq,missing,E9_batch2,PAIRED,PCR,METAGENOMIC,fish gut metagenome,ILLUMINA,2017-12-06T00:00:00Z,batch2_Vodja_127,SRP126256,temperate decidious forest,freshwater river,intestine,,
SRR6354435,AMPLICON,502,23312378,PRJNA388139,SAMN08136015,"MIMARKS.survey,MIGS/MIMS/MIMARKS.host-associated",14111621,UNIVERSITY OF TARTU,Sep-13,public,"sra,fastq","ncbi,gs,s3","s3.us-east-1,ncbi.public,gs.US",SRX3451117,Estonia,Europe,Estonia,brown trout,Illumina MiSeq,missing,E8_batch2,PAIRED,PCR,METAGENOMIC,fish gut metagenome,ILLUMINA,2017-12-06T00:00:00Z,batch2_Pudisoo_98,SRP126256,temperate decidious forest,freshwater river,intestine,,
SRR6354437,AMPLICON,502,14355694,PRJNA388139,SAMN08136017,"MIMARKS.survey,MIGS/MIMS/MIMARKS.host-associated",9120922,UNIVERSITY OF TARTU,Sep-13,public,"sra,fastq","gs,s3,ncbi","gs.US,s3.us-east-1,ncbi.public",SRX3451115,Estonia,Europe,Estonia,brown trout,Illumina MiSeq,missing,G10_batch2,PAIRED,PCR,METAGENOMIC,fish gut metagenome,ILLUMINA,2017-12-06T00:00:00Z,batch2_Pudisoo_99,SRP126256,temperate decidious forest,freshwater river,intestine,,
SRR6354439,AMPLICON,502,41914490,PRJNA388139,SAMN08136019,"MIMARKS.survey,MIGS/MIMS/MIMARKS.host-associated",23499206,UNIVERSITY OF TARTU,Sep-13,public,"sra,fastq","s3,ncbi,gs","ncbi.public,s3.us-east-1,gs.US",SRX3451113,Estonia,Europe,Estonia,brown trout,Illumina MiSeq,missing,G3_batch4,PAIRED,PCR,METAGENOMIC,fish gut metagenome,ILLUMINA,2017-12-06T00:00:00Z,batch4_Pudisoo_100,SRP126256,temperate decidious forest,freshwater river,intestine,,
SRR6354440,AMPLICON,502,48472618,PRJNA388139,SAMN08136018,"MIMARKS.survey,MIGS/MIMS/MIMARKS.host-associated",31115721,UNIVERSITY OF TARTU,Sep-13,public,"sra,fastq","ncbi,gs,s3","gs.US,s3.us-east-1,ncbi.public",SRX3451112,Estonia,Europe,Estonia,brown trout,Illumina MiSeq,missing,G2_batch2,PAIRED,PCR,METAGENOMIC,fish gut metagenome,ILLUMINA,2017-12-06T00:00:00Z,batch2_Pudisoo_92,SRP126256,temperate decidious forest,freshwater river,intestine,,
SRR6354443,AMPLICON,502,30128534,PRJNA388139,SAMN08136063,"MIMARKS.survey,MIGS/MIMS/MIMARKS.host-associated",19209960,UNIVERSITY OF TARTU,Sep-13,public,"sra,fastq","gs,s3,ncbi","gs.US,s3.us-east-1,ncbi.public",SRX3451109,Estonia,Europe,Estonia,brown trout,Illumina MiSeq,missing,H5_batch2,PAIRED,PCR,METAGENOMIC,fish gut metagenome,ILLUMINA,2017-12-06T00:00:00Z,batch2_Vainupea_34,SRP126256,temperate decidious forest,freshwater river,intestine,,
SRR6354447,AMPLICON,502,181310854,PRJNA388139,SAMN08136059,"MIMARKS.survey,MIGS/MIMS/MIMARKS.host-associated",104833980,UNIVERSITY OF TARTU,Sep-13,public,"sra,fastq","ncbi,gs,s3","gs.US,ncbi.public,s3.us-east-1",SRX3451105,Estonia,Europe,Estonia,brown trout,Illumina MiSeq,missing,F6_batch5,PAIRED,PCR,METAGENOMIC,fish gut metagenome,ILLUMINA,2017-12-06T00:00:00Z,batch5_Vainupea_35_2,SRP126256,temperate decidious forest,freshwater river,intestine,,
SRR6354454,AMPLICON,502,54054356,PRJNA388139,SAMN08136033,"MIMARKS.survey,MIGS/MIMS/MIMARKS.host-associated",29226495,UNIVERSITY OF TARTU,Sep-13,public,"fastq,sra","gs,ncbi,s3","s3.us-east-1,gs.US,ncbi.public",SRX3451098,Estonia,Europe,Estonia,brown trout,Illumina MiSeq,missing,B3_batch4,PAIRED,PCR,METAGENOMIC,fish gut metagenome,ILLUMINA,2017-12-06T00:00:00Z,batch4_Toolse_21,SRP126256,temperate decidious forest,freshwater river,intestine,,
SRR6354456,AMPLICON,502,50558428,PRJNA388139,SAMN08136027,"MIMARKS.survey,MIGS/MIMS/MIMARKS.host-associated",28335438,UNIVERSITY OF TARTU,Sep-13,public,"sra,fastq","s3,ncbi,gs","s3.us-east-1,ncbi.public,gs.US",SRX3451096,Estonia,Europe,Estonia,brown trout,Illumina MiSeq,missing,G5_batch1,PAIRED,PCR,METAGENOMIC,fish gut metagenome,ILLUMINA,2017-12-06T00:00:00Z,batch2_Selja_61,SRP126256,temperate decidious forest,freshwater river,intestine,,
SRR6354457,AMPLICON,502,15388810,PRJNA388139,SAMN08136024,"MIMARKS.survey,MIGS/MIMS/MIMARKS.host-associated",9630805,UNIVERSITY OF TARTU,Sep-13,public,"sra,fastq","s3,gs,ncbi","s3.us-east-1,gs.US,ncbi.public",SRX3451095,Estonia,Europe,Estonia,brown trout,Illumina MiSeq,missing,D8_batch2,PAIRED,PCR,METAGENOMIC,fish gut metagenome,ILLUMINA,2017-12-06T00:00:00Z,batch2_Selja_62,SRP126256,temperate decidious forest,freshwater river,intestine,,
SRR6354458,AMPLICON,502,35695212,PRJNA388139,SAMN08136025,"MIMARKS.survey,MIGS/MIMS/MIMARKS.host-associated",22775131,UNIVERSITY OF TARTU,Sep-13,public,"fastq,sra","ncbi,gs,s3","ncbi.public,s3.us-east-1,gs.US",SRX3451094,Estonia,Europe,Estonia,brown trout,Illumina MiSeq,missing,E1_batch2,PAIRED,PCR,METAGENOMIC,fish gut metagenome,ILLUMINA,2017-12-06T00:00:00Z,batch2_Selja_65,SRP126256,temperate decidious forest,freshwater river,intestine,,
SRR6354460,AMPLICON,502,21269238,PRJNA388139,SAMN08136031,"MIMARKS.survey,MIGS/MIMS/MIMARKS.host-associated",13112679,UNIVERSITY OF TARTU,Sep-13,public,"fastq,sra","s3,gs,ncbi","s3.us-east-1,gs.US,ncbi.public",SRX3451092,Estonia,Europe,Estonia,brown trout,Illumina MiSeq,missing,H8_batch2,PAIRED,PCR,METAGENOMIC,fish gut metagenome,ILLUMINA,2017-12-06T00:00:00Z,batch2_Selja_66,SRP126256,temperate decidious forest,freshwater river,intestine,,
SRR6354462,AMPLICON,502,124007554,PRJNA388139,SAMN08136029,"MIMARKS.survey,MIGS/MIMS/MIMARKS.host-associated",70528999,UNIVERSITY OF TARTU,Sep-13,public,"fastq,sra","s3,ncbi,gs","gs.US,ncbi.public,s3.us-east-1",SRX3451090,Estonia,Europe,Estonia,brown trout,Illumina MiSeq,missing,G7_batch5,PAIRED,PCR,METAGENOMIC,fish gut metagenome,ILLUMINA,2017-12-06T00:00:00Z,batch5_Selja_64_3,SRP126256,temperate decidious forest,freshwater river,intestine,,
SRR6354463,AMPLICON,502,23983552,PRJNA388139,SAMN08136041,"MIMARKS.survey,MIGS/MIMS/MIMARKS.host-associated",14540561,UNIVERSITY OF TARTU,Sep-13,public,"sra,fastq","s3,gs,ncbi","s3.us-east-1,gs.US,ncbi.public",SRX3451089,Estonia,Europe,Estonia,brown trout,Illumina MiSeq,missing,H12_batch2,PAIRED,PCR,METAGENOMIC,fish gut metagenome,ILLUMINA,2017-12-06T00:00:00Z,batch2_Toolse_21,SRP126256,temperate decidious forest,freshwater river,intestine,,
SRR6354464,AMPLICON,502,14435010,PRJNA388139,SAMN08136040,"MIMARKS.survey,MIGS/MIMS/MIMARKS.host-associated",9295670,UNIVERSITY OF TARTU,Sep-13,public,"sra,fastq","ncbi,gs,s3","gs.US,ncbi.public,s3.us-east-1",SRX3451088,Estonia,Europe,Estonia,brown trout,Illumina MiSeq,missing,H10_batch2,PAIRED,PCR,METAGENOMIC,fish gut metagenome,ILLUMINA,2017-12-06T00:00:00Z,batch2_Toolse_15,SRP126256,temperate decidious forest,freshwater river,intestine,,
SRR6354465,AMPLICON,502,11401926,PRJNA388139,SAMN08136039,"MIMARKS.survey,MIGS/MIMS/MIMARKS.host-associated",7043637,UNIVERSITY OF TARTU,Sep-13,public,"fastq,sra","ncbi,s3,gs","s3.us-east-1,gs.US,ncbi.public",SRX3451087,Estonia,Europe,Estonia,brown trout,Illumina MiSeq,missing,G7_batch2,PAIRED,PCR,METAGENOMIC,fish gut metagenome,ILLUMINA,2017-12-06T00:00:00Z,batch2_Toolse_14,SRP126256,temperate decidious forest,freshwater river,intestine,,
SRR6354467,AMPLICON,502,93350916,PRJNA388139,SAMN08136037,"MIMARKS.survey,MIGS/MIMS/MIMARKS.host-associated",57553675,UNIVERSITY OF TARTU,Sep-13,public,"fastq,sra","ncbi,gs,s3","s3.us-east-1,ncbi.public,gs.US",SRX3451085,Estonia,Europe,Estonia,brown trout,Illumina MiSeq,missing,E4_batch2,PAIRED,PCR,METAGENOMIC,fish gut metagenome,ILLUMINA,2017-12-06T00:00:00Z,batch2_Toolse_19,SRP126256,temperate decidious forest,freshwater river,intestine,,
SRR6354468,AMPLICON,502,71343236,PRJNA388139,SAMN08136036,"MIMARKS.survey,MIGS/MIMS/MIMARKS.host-associated",38035991,UNIVERSITY OF TARTU,Sep-13,public,"sra,fastq","ncbi,s3,gs","s3.us-east-1,ncbi.public,gs.US",SRX3451084,Estonia,Europe,Estonia,brown trout,Illumina MiSeq,missing,D5_batch1,PAIRED,PCR,METAGENOMIC,fish gut metagenome,ILLUMINA,2017-12-06T00:00:00Z,batch1_Toolse_18,SRP126256,temperate decidious forest,freshwater river,intestine,,
SRR6354476,AMPLICON,502,38322680,PRJNA388139,SAMN08135959,"MIMARKS.survey,MIGS/MIMS/MIMARKS.host-associated",21950840,UNIVERSITY OF TARTU,Sep-13,public,"sra,fastq","ncbi,s3,gs","gs.US,s3.us-east-1,ncbi.public",SRX3451076,Estonia,Europe,Estonia,brown trout,Illumina MiSeq,missing,E3_batch4,PAIRED,PCR,METAGENOMIC,fish gut metagenome,ILLUMINA,2017-12-06T00:00:00Z,batch4_Altja_55,SRP126256,temperate decidious forest,freshwater river,intestine,,
SRR6354478,AMPLICON,502,24805828,PRJNA388139,SAMN08135961,"MIMARKS.survey,MIGS/MIMS/MIMARKS.host-associated",15646008,UNIVERSITY OF TARTU,Sep-13,public,"fastq,sra","ncbi,gs,s3","s3.us-east-1,ncbi.public,gs.US",SRX3451074,Estonia,Europe,Estonia,brown trout,Illumina MiSeq,missing,F11_batch2,PAIRED,PCR,METAGENOMIC,fish gut metagenome,ILLUMINA,2017-12-06T00:00:00Z,batch2_Altja_59,SRP126256,temperate decidious forest,freshwater river,intestine,,
SRR6354481,AMPLICON,502,29316800,PRJNA388139,SAMN08135956,"MIMARKS.survey,MIGS/MIMS/MIMARKS.host-associated",18815503,UNIVERSITY OF TARTU,Sep-13,public,"fastq,sra","s3,gs,ncbi","s3.us-east-1,ncbi.public,gs.US",SRX3451071,Estonia,Europe,Estonia,brown trout,Illumina MiSeq,missing,C2_batch2,PAIRED,PCR,METAGENOMIC,fish gut metagenome,ILLUMINA,2017-12-06T00:00:00Z,batch2_Altja_53,SRP126256,temperate decidious forest,freshwater river,intestine,,
SRR6354484,AMPLICON,502,55294296,PRJNA388139,SAMN08136074,"MIMARKS.survey,MIGS/MIMS/MIMARKS.host-associated",35289284,UNIVERSITY OF TARTU,Sep-13,public,"sra,fastq","gs,s3,ncbi","gs.US,s3.us-east-1,ncbi.public",SRX3451068,Estonia,Europe,Estonia,brown trout,Illumina MiSeq,missing,H2_batch2,PAIRED,PCR,METAGENOMIC,fish gut metagenome,ILLUMINA,2017-12-06T00:00:00Z,batch2_Vodja_123,SRP126256,temperate decidious forest,freshwater river,intestine,,
SRR6354487,AMPLICON,502,57341954,PRJNA388139,SAMN08136046,"MIMARKS.survey,MIGS/MIMS/MIMARKS.host-associated",36904775,UNIVERSITY OF TARTU,Sep-13,public,"sra,fastq","ncbi,s3,gs","gs.US,ncbi.public,s3.us-east-1",SRX3451065,Estonia,Europe,Estonia,brown trout,Illumina MiSeq,missing,D2_batch2,PAIRED,PCR,METAGENOMIC,fish gut metagenome,ILLUMINA,2017-12-06T00:00:00Z,batch2_Voesu_84,SRP126256,temperate decidious forest,freshwater river,intestine,,
SRR6354493,AMPLICON,502,31276608,PRJNA388139,SAMN08136052,"MIMARKS.survey,MIGS/MIMS/MIMARKS.host-associated",17307450,UNIVERSITY OF TARTU,Sep-13,public,"sra,fastq","gs,s3,ncbi","gs.US,s3.us-east-1,ncbi.public",SRX3451059,Estonia,Europe,Estonia,brown trout,Illumina MiSeq,missing,C3_batch4,PAIRED,PCR,METAGENOMIC,fish gut metagenome,ILLUMINA,2017-12-06T00:00:00Z,batch4_Vainupea_28,SRP126256,temperate decidious forest,freshwater river,intestine,,
SRR6354495,AMPLICON,502,23451432,PRJNA388139,SAMN08135972,"MIMARKS.survey,MIGS/MIMS/MIMARKS.host-associated",14708369,UNIVERSITY OF TARTU,Sep-13,public,"sra,fastq","ncbi,gs,s3","s3.us-east-1,ncbi.public,gs.US",SRX3451057,Estonia,Europe,Estonia,brown trout,Illumina MiSeq,missing,D9_batch2,PAIRED,PCR,METAGENOMIC,fish gut metagenome,ILLUMINA,2017-12-06T00:00:00Z,batch2_Mustoja_46,SRP126256,temperate decidious forest,freshwater river,intestine,,
SRR6354496,AMPLICON,502,44301500,PRJNA388139,SAMN08135973,"MIMARKS.survey,MIGS/MIMS/MIMARKS.host-associated",25698877,UNIVERSITY OF TARTU,Sep-13,public,"sra,fastq","gs,ncbi,s3","s3.us-east-1,gs.US,ncbi.public",SRX3451056,Estonia,Europe,Estonia,brown trout,Illumina MiSeq,missing,E6_batch5,PAIRED,PCR,METAGENOMIC,fish gut metagenome,ILLUMINA,2017-12-06T00:00:00Z,batch5_Mustoja_40_2,SRP126256,temperate decidious forest,freshwater river,intestine,,
SRR6354499,AMPLICON,502,21055888,PRJNA388139,SAMN08135966,"MIMARKS.survey,MIGS/MIMS/MIMARKS.host-associated",13246312,UNIVERSITY OF TARTU,Sep-13,public,"fastq,sra","s3,gs,ncbi","s3.us-east-1,gs.US,ncbi.public",SRX3451053,Estonia,Europe,Estonia,brown trout,Illumina MiSeq,missing,A11_batch2,PAIRED,PCR,METAGENOMIC,fish gut metagenome,ILLUMINA,2017-12-06T00:00:00Z,batch2_Mustoja_45,SRP126256,temperate decidious forest,freshwater river,intestine,,
SRR6354501,AMPLICON,502,25814848,PRJNA388139,SAMN08135968,"MIMARKS.survey,MIGS/MIMS/MIMARKS.host-associated",16568836,UNIVERSITY OF TARTU,Sep-13,public,"sra,fastq","s3,ncbi,gs","s3.us-east-1,gs.US,ncbi.public",SRX3451051,Estonia,Europe,Estonia,brown trout,Illumina MiSeq,missing,A9_batch2,PAIRED,PCR,METAGENOMIC,fish gut metagenome,ILLUMINA,2017-12-06T00:00:00Z,batch2_Mustoja_41,SRP126256,temperate decidious forest,freshwater river,intestine,,
SRR6354502,AMPLICON,502,51049886,PRJNA388139,SAMN08135969,"MIMARKS.survey,MIGS/MIMS/MIMARKS.host-associated",32841659,UNIVERSITY OF TARTU,Sep-13,public,"sra,fastq","s3,ncbi,gs","gs.US,ncbi.public,s3.us-east-1",SRX3451050,Estonia,Europe,Estonia,brown trout,Illumina MiSeq,missing,B4_batch2,PAIRED,PCR,METAGENOMIC,fish gut metagenome,ILLUMINA,2017-12-06T00:00:00Z,batch2_Mustoja_49,SRP126256,temperate decidious forest,freshwater river,intestine,,
SRR6354503,AMPLICON,502,30159156,PRJNA388139,SAMN08135970,"MIMARKS.survey,MIGS/MIMS/MIMARKS.host-associated",19271412,UNIVERSITY OF TARTU,Sep-13,public,"fastq,sra","ncbi,s3,gs","s3.us-east-1,gs.US,ncbi.public",SRX3451049,Estonia,Europe,Estonia,brown trout,Illumina MiSeq,missing,C1_batch2,PAIRED,PCR,METAGENOMIC,fish gut metagenome,ILLUMINA,2017-12-06T00:00:00Z,batch2_Mustoja_38,SRP126256,temperate decidious forest,freshwater river,intestine,,